PitchNo,Date,Time,PAofInning,PitchofPA,Pitcher,PitcherId,PitcherThrows,PitcherTeam,Batter,BatterId,BatterSide,BatterTeam,PitcherSet,Inning,Top/Bottom,Outs,Balls,Strikes,TaggedPitchType,AutoPitchType,PitchCall,KorBB,TaggedHitType,PlayResult,OutsOnPlay,RunsScored,Notes,RelSpeed,VertRelAngle,HorzRelAngle,SpinRate,SpinAxis,Tilt,RelHeight,RelSide,Extension,VertBreak,InducedVertBreak,HorzBreak,PlateLocHeight,PlateLocSide,ZoneSpeed,VertApprAngle,HorzApprAngle,ZoneTime,ExitSpeed,Angle,Direction,HitSpinRate,PositionAt110X,PositionAt110Y,PositionAt110Z,Distance,LastTrackedDistance,Bearing,HangTime,pfxx,pfxz,x0,y0,z0,vx0,vy0,vz0,ax0,ay0,az0,HomeTeam,AwayTeam,Stadium,Level,League,GameID,PitchUID,EffectiveVelo,MaxHeight,MeasuredDuration,SpeedDrop,PitchLastMeasuredX,PitchLastMeasuredY,PitchLastMeasuredZ,ContactPositionX,ContactPositionY,ContactPositionZ,GameUID,UTCDate,UTCTime,LocalDateTime,UTCDateTime,AutoHitType,System,HomeTeamForeignID,AwayTeamForeignID,GameForeignID,Catcher,CatcherId,CatcherThrows,CatcherTeam,PitchTrajectoryXc0,PitchTrajectoryXc1,PitchTrajectoryXc2,PitchTrajectoryYc0,PitchTrajectoryYc1,PitchTrajectoryYc2,PitchTrajectoryZc0,PitchTrajectoryZc1,PitchTrajectoryZc2,HitSpinAxis,HitTrajectoryXc0,HitTrajectoryXc1,HitTrajectoryXc2,HitTrajectoryXc3,HitTrajectoryXc4,HitTrajectoryXc5,HitTrajectoryXc6,HitTrajectoryXc7,HitTrajectoryXc8,HitTrajectoryYc0,HitTrajectoryYc1,HitTrajectoryYc2,HitTrajectoryYc3,HitTrajectoryYc4,HitTrajectoryYc5,HitTrajectoryYc6,HitTrajectoryYc7,HitTrajectoryYc8,HitTrajectoryZc0,HitTrajectoryZc1,HitTrajectoryZc2,HitTrajectoryZc3,HitTrajectoryZc4,HitTrajectoryZc5,HitTrajectoryZc6,HitTrajectoryZc7,HitTrajectoryZc8,ThrowSpeed,PopTime,ExchangeTime,TimeToBase,CatchPositionX,CatchPositionY,CatchPositionZ,ThrowPositionX,ThrowPositionY,ThrowPositionZ,BasePositionX,BasePositionY,BasePositionZ,ThrowTrajectoryXc0,ThrowTrajectoryXc1,ThrowTrajectoryXc2,ThrowTrajectoryYc0,ThrowTrajectoryYc1,ThrowTrajectoryYc2,ThrowTrajectoryZc0,ThrowTrajectoryZc1,ThrowTrajectoryZc2,PitchReleaseConfidence,HitLaunchConfidence,HitLandingConfidence,CatcherThrowCatchConfidence,PitchLocationConfidence,CatcherThrowLocationConfidence,CatcherThrowReleaseConfidence,PitchMovementConfidence
1,2023-01-17,16:17:20.70,1,1,"Lorent, Wilkin",,Right,WOR_PR1,"Chacon, Anderson",,Right,WOR_PR1,Undefined,1,Top,0,0,0,Fastball,Sinker,StrikeCalled,Undefined,Undefined,Undefined,0,0,,90.23461,-1.6528,-2.786233,2190.54231,235.825,1:45,5.30163,0.55208,4.89556,-22.93194,12.59953,16.94091,1.82504,-0.67365,82.82025,-5.858473,0.19661,0.429021,,,,,,,,,,,,-9.09674,6.98378,-0.29405,50,5.12069,5.55594,-130.79997,-4.66387,-15.8429,26.22082,-20.01108,WOR_PR1,WOR_PR1,DRRangers2,TeamExclusive,Team,20230117-DRRangers2-Private-1,f29a7d80-96a3-11ed-a773-df94705731b4,87.85694,,,7.41435,,,,,,,e7693d0c-839b-48c7-a917-db66df881d6b,2023-01-17,20:17:20.70,2023-01-17T16:17:20.7010992-04:00,2023-01-17T20:17:20.7010992Z,,v3,,,,", ccc",,Undefined,WOR_PR1,55.60321,-131.91843,13.11041,5.30143,-3.81029,-10.00554,-0.54545,6.23173,-7.92145,,,,,,,,,,,,,,,,,,,,,,,,,,,,,,,,,,,,,,,,,,,,,,,,,,,High,,,,High,,,High
2,2023-01-17,16:17:39.18,1,2,"Lorent, Wilkin",,Right,WOR_PR1,"Chacon, Anderson",,Right,WOR_PR1,Undefined,1,Top,0,0,1,Fastball,Sinker,BallCalled,Undefined,Undefined,Undefined,0,0,,90.47631,-1.478359,-3.676746,2260.166387,226.729628,1:30,5.31906,0.30088,4.78349,-17.88733,17.61092,17.54414,2.42403,-1.72677,82.94867,-4.796496,-0.599554,0.42882,,,,,,,,,,,,-9.55426,9.35819,0.05068,50,5.15614,7.56502,-131.03926,-4.04458,-16.7292,25.87167,-15.78815,WOR_PR1,WOR_PR1,DRRangers2,TeamExclusive,Team,20230117-DRRangers2-Private-1,fda09a70-96a3-11ed-a773-df94705731b4,87.89807,,,7.52765,,,,,,,e7693d0c-839b-48c7-a917-db66df881d6b,2023-01-17,20:17:39.18,2023-01-17T16:17:39.1888560-04:00,2023-01-17T20:17:39.1888560Z,,v3,,,,", ccc",,Undefined,WOR_PR1,55.71501,-132.16278,12.93583,5.3169,-3.35895,-7.89408,-0.29362,8.29152,-8.3646,,,,,,,,,,,,,,,,,,,,,,,,,,,,,,,,,,,,,,,,,,,,,,,,,,,High,,,,High,,,High
3,2023-01-17,16:17:59.00,1,3,"Lorent, Wilkin",,Right,WOR_PR1,"Chacon, Anderson",,Right,WOR_PR1,Undefined,1,Top,0,1,1,Fastball,Sinker,BallCalled,Undefined,Undefined,Undefined,0,0,,90.2598,0.157611,-0.862077,2208.764349,225.264999,1:30,5.45224,0.47454,4.46217,-18.50072,17.79717,16.7617,4.0608,1.04936,82.0058,-3.277047,2.067169,0.433623,,,,,,,,,,,,-8.34024,8.9276,-0.40075,50,5.45208,1.114,-130.785,-0.33884,-14.40551,28.29601,-16.75401,WOR_PR1,WOR_PR1,DRRangers2,TeamExclusive,Team,20230117-DRRangers2-Private-1,0973cb60-96a4-11ed-a773-df94705731b4,86.92448,,,8.25399,,,,,,,e7693d0c-839b-48c7-a917-db66df881d6b,2023-01-17,20:17:59.00,2023-01-17T16:17:59.0047920-04:00,2023-01-17T20:17:59.0047920Z,,v3,,,,", ccc",,Undefined,WOR_PR1,56.03399,-132.08403,14.148,5.44998,0.43032,-8.377,-0.46707,1.77533,-7.20276,,,,,,,,,,,,,,,,,,,,,,,,,,,,,,,,,,,,,,,,,,,,,,,,,,,High,,,,High,,,High
4,2023-01-17,16:18:16.45,1,4,"Lorent, Wilkin",,Right,WOR_PR1,"Chacon, Anderson",,Right,WOR_PR1,Undefined,1,Top,0,2,1,Fastball,Four-Seam,StrikeSwinging,Undefined,Undefined,Undefined,0,0,,90.25801,-1.340365,-1.917813,2118.944916,213.912234,1:15,5.33428,0.2769,4.74849,-15.17599,20.73686,13.14347,2.79743,-0.4474,82.1248,-4.200332,0.390277,0.431317,,,,,,,,,,,,-6.97126,10.88812,-0.09635,50,5.18711,3.73195,-130.76696,-3.57476,-12.05201,27.9825,-13.35054,WOR_PR1,WOR_PR1,DRRangers2,TeamExclusive,Team,20230117-DRRangers2-Private-1,13d6ca80-96a4-11ed-a773-df94705731b4,87.3892,,,8.13321,,,,,,,e7693d0c-839b-48c7-a917-db66df881d6b,2023-01-17,20:18:16.45,2023-01-17T16:18:16.4592304-04:00,2023-01-17T20:18:16.4592304Z,,v3,,,,", ccc",,Undefined,WOR_PR1,55.74804,-131.99123,13.99125,5.33073,-2.99066,-6.67527,-0.27116,4.25925,-6.02601,,,,,,,,,,,,,,,,,,,,,,,,,,,,,,,,,,,,,,,,,,,,,,,,,,,High,,,,High,,,High
5,2023-01-17,16:18:35.26,1,5,"Lorent, Wilkin",,Right,WOR_PR1,"Chacon, Anderson",,Right,WOR_PR1,Undefined,1,Top,0,2,2,ChangeUp,Changeup,StrikeSwinging,Strikeout,Undefined,Undefined,0,0,,81.48792,-1.422723,-3.790392,2075.185247,240.052921,2:00,5.12043,0.57844,5.43635,-30.931,11.62209,17.99131,1.20739,-1.47687,75.30812,-7.1011,-0.593978,0.469502,,,,,,,,,,,,-10.0463,6.59189,-0.25559,50,4.97284,7.10954,-118.17981,-3.96729,-14.34816,20.44107,-22.75948,WOR_PR1,WOR_PR1,DRRangers2,TeamExclusive,Team,20230117-DRRangers2-Private-1,1f253b10-96a4-11ed-a773-df94705731b4,80.28183,,,6.1798,,,,,,,e7693d0c-839b-48c7-a917-db66df881d6b,2023-01-17,20:18:35.26,2023-01-17T16:18:35.2699568-04:00,2023-01-17T20:18:35.2699568Z,,v3,,,,", ccc",,Undefined,WOR_PR1,55.06368,-119.05243,10.22054,5.12146,-2.9957,-11.37974,-0.57217,7.72206,-7.17408,,,,,,,,,,,,,,,,,,,,,,,,,,,,,,,,,,,,,,,,,,,,,,,,,,,High,,,,High,,,High
6,2023-01-17,16:19:04.30,2,1,"Lorent, Wilkin",,Right,WOR_PR1,"Soriano, Adrian",,Right,WOR_PR1,Undefined,1,Top,1,0,0,Fastball,Sinker,StrikeCalled,Undefined,Undefined,Undefined,0,0,,90.05549,-1.879806,-2.291267,2269.031943,233.343327,1:45,5.33581,0.3162,4.9213,-21.06848,14.80776,18.30099,1.80086,-0.32606,82.09203,-5.775386,0.934117,0.431097,,,,,,,,,,,,-9.6702,8.19461,-0.10877,50,5.13543,4.3404,-130.4657,-5.06823,-16.63178,27.99559,-18.08012,WOR_PR1,WOR_PR1,DRRangers2,TeamExclusive,Team,20230117-DRRangers2-Private-1,305c9450-96a4-11ed-a773-df94705731b4,87.43385,,,7.96346,,,,,,,e7693d0c-839b-48c7-a917-db66df881d6b,2023-01-17,20:19:04.30,2023-01-17T16:19:04.3029680-04:00,2023-01-17T20:19:04.3029680Z,,v3,,,,", ccc",,Undefined,WOR_PR1,55.57626,-131.65683,13.99779,5.3347,-4.29897,-9.04006,-0.3085,5.04803,-8.31589,,,,,,,,,,,,,,,,,,,,,,,,,,,,,,,,,,,,,,,,,,,,,,,,,,,High,,,,High,,,High
7,2023-01-17,16:19:19.01,2,2,"Lorent, Wilkin",,Right,WOR_PR1,"Soriano, Adrian",,Right,WOR_PR1,Undefined,1,Top,1,0,1,Fastball,Sinker,StrikeSwinging,Undefined,Undefined,Undefined,0,0,,90.7375,-2.080004,-2.814672,2238.37986,228.170526,1:30,5.51385,0.30517,4.51839,-20.04611,15.99178,16.47887,1.85899,-1.00456,82.3685,-5.777703,0.066105,0.432067,,,,,,,,,,,,-8.80603,8.73973,-0.02741,50,5.27806,5.61501,-131.23206,-5.54985,-15.28006,29.0665,-17.00902,WOR_PR1,WOR_PR1,DRRangers2,TeamExclusive,Team,20230117-DRRangers2-Private-1,3922fa70-96a4-11ed-a773-df94705731b4,87.23749,,,8.369,,,,,,,e7693d0c-839b-48c7-a917-db66df881d6b,2023-01-17,20:19:19.01,2023-01-17T16:19:19.0132912-04:00,2023-01-17T20:19:19.0132912Z,,v3,,,,", ccc",,Undefined,WOR_PR1,55.97786,-132.54948,14.53325,5.51213,-4.77893,-8.50451,-0.2976,6.30757,-7.64003,,,,,,,,,,,,,,,,,,,,,,,,,,,,,,,,,,,,,,,,,,,,,,,,,,,High,,,,High,,,High
8,2023-01-17,16:19:37.83,2,3,"Lorent, Wilkin",,Right,WOR_PR1,"Soriano, Adrian",,Right,WOR_PR1,Undefined,1,Top,1,0,2,Fastball,Sinker,FoulBall,Undefined,Undefined,Undefined,0,0,,90.16125,-0.873425,-1.733065,2261.428747,235.339018,1:45,5.36648,0.26275,4.48131,-20.92824,15.49528,20.64096,2.78956,0.33056,81.90837,-4.729195,1.87593,0.434372,76.46674,17.706323,157.277676,4001.261131,,,,,22.63992,,,-10.55733,8.14111,-0.10173,50,5.25548,2.92003,-130.60418,-2.81287,-18.14923,28.71619,-18.17857,WOR_PR1,WOR_PR1,DRRangers2,TeamExclusive,Team,20230117-DRRangers2-Private-1,4458d9f0-96a4-11ed-a773-df94705731b4,86.77447,9.41576,,8.25288,,,,0.32606,2.77197,-0.35092,e7693d0c-839b-48c7-a917-db66df881d6b,2023-01-17,20:19:37.83,2023-01-17T16:19:37.8371248-04:00,2023-01-17T20:19:37.8371248Z,,v3,,,,", ccc",,Undefined,WOR_PR1,56.01669,-131.92045,14.3581,5.36531,-1.97962,-9.08929,-0.25465,3.75194,-9.07462,272.324708,0.32545,-98.51147,13.38023,,,,,,,2.77343,34.02345,-20.75739,,,,,,,-0.3458,40.96635,-24.62772,,,,,,,,,,,,,,,,,,,,,,,,,,,,,High,High,Low,,High,,,High
9,2023-01-17,16:20:01.30,2,4,"Lorent, Wilkin",,Right,WOR_PR1,"Soriano, Adrian",,Right,WOR_PR1,Undefined,1,Top,1,0,2,ChangeUp,Changeup,StrikeSwinging,Strikeout,Undefined,Undefined,0,0,,81.48849,-2.061954,-3.127524,2137.446499,238.856343,2:00,5.14979,0.67437,5.55187,-28.8999,13.82292,20.58214,0.81106,-0.53573,74.7106,-7.409114,0.541647,0.470437,,,,,,,,,,,,-11.34615,7.97713,-0.41796,50,4.9522,5.64173,-118.1375,-5.17945,-16.03144,22.54906,-20.90283,WOR_PR1,WOR_PR1,DRRangers2,TeamExclusive,Team,20230117-DRRangers2-Private-1,526afe60-96a4-11ed-a773-df94705731b4,80.12222,,,6.77789,,,,,,,e7693d0c-839b-48c7-a917-db66df881d6b,2023-01-17,20:20:01.30,2023-01-17T16:20:01.3039280-04:00,2023-01-17T20:20:01.3039280Z,,v3,,,,", ccc",,Undefined,WOR_PR1,54.9477,-119.07812,11.27453,5.15007,-4.30749,-10.45141,-0.66725,6.31048,-8.01572,,,,,,,,,,,,,,,,,,,,,,,,,,,,,,,,,,,,,,,,,,,,,,,,,,,High,,,,High,,,High
10,2023-01-17,16:20:32.31,3,1,"Lorent, Wilkin",,Right,WOR_PR1,"Castro, Rayniel",,Left,WOR_PR1,Undefined,1,Top,2,0,0,ChangeUp,Changeup,FoulBall,Undefined,Undefined,Undefined,1,0,,79.32973,-0.63292,-0.791775,2019.119693,214.890758,1:15,5.21891,0.67444,5.19258,-32.75329,12.45457,7.75808,1.89402,0.57609,73.26944,-6.629715,0.58356,0.483925,68.9966,36.807711,-5.20115,4443.771085,107.82495,61.8446,-21.76522,230.95241,227.12552,-18.060194,4.391241,-4.11292,6.7754,-0.60726,50,5.13551,1.285,-115.23386,-2.36688,-5.5736,19.84479,-22.99243,WOR_PR1,WOR_PR1,DRRangers2,TeamExclusive,Team,20230117-DRRangers2-Private-1,64e8e160-96a4-11ed-a773-df94705731b4,77.88893,63.86575,,6.06029,,,,2.58809,2.08006,-0.56592,e7693d0c-839b-48c7-a917-db66df881d6b,2023-01-17,20:20:32.31,2023-01-17T16:20:32.3105456-04:00,2023-01-17T20:20:32.3105456Z,FlyBall,v3,,,,", ccc",,Undefined,WOR_PR1,55.3067,-116.14415,9.92239,5.21989,-1.31221,-11.49622,-0.67207,1.54066,-2.7868,156.849864,2.58985,80.64421,-16.34088,3.8845,-0.53369,-0.02059,0.02384,-0.00366,0.00018,2.07884,60.65489,-15.7457,0.37591,0.06839,-0.05659,0.02423,-0.00471,0.00032,-0.56539,-7.35767,-3.94329,0.68006,-0.02088,-0.03225,0.00966,-0.00113,5E-05,,,,,,,,,,,,,,,,,,,,,,,High,High,High,,High,,,High
11,2023-01-17,16:21:03.35,3,2,"Lorent, Wilkin",,Right,WOR_PR1,", cc.cc",,Right,WOR_PR1,Undefined,1,Top,0,0,0,Fastball,Sinker,StrikeCalled,Undefined,Undefined,Undefined,0,0,ALMANZAR,89.9616,-2.152649,-1.505674,2188.690352,227.92849,1:30,5.30891,0.33053,4.90042,-16.72324,19.1358,19.91883,1.87773,0.56608,82.21803,-5.277011,2.004156,0.430994,,,,,,,,,,,,-10.22335,10.37477,-0.20072,50,5.08486,2.47025,-130.41002,-5.48208,-17.61836,27.24035,-14.29472,WOR_PR1,WOR_PR1,DRRangers2,TeamExclusive,Team,20230117-DRRangers2-Private-1,7755ad60-96a4-11ed-a773-df94705731b4,87.45474,,,7.74357,,,,,,,e7693d0c-839b-48c7-a917-db66df881d6b,2023-01-17,20:21:03.35,2023-01-17T16:21:03.3550000-04:00,2023-01-17T20:21:03.3550000Z,,v3,,,,", ccc",,Undefined,WOR_PR1,55.59764,-131.57407,13.62017,5.30607,-4.87123,-7.14736,-0.32237,3.22312,-8.80918,,,,,,,,,,,,,,,,,,,,,,,,,,,,,,,,,,,,,,,,,,,,,,,,,,,High,,,,High,,,High
12,2023-01-17,16:21:17.61,3,3,"Lorent, Wilkin",,Right,WOR_PR1,", cc.cc",,Right,WOR_PR1,Undefined,1,Top,0,0,1,Curveball,Slider,BallCalled,Undefined,Undefined,Undefined,0,0,,77.66964,4.653304,1.643063,2048.578943,170.465079,11:45,5.23047,0.65454,5.51143,-41.28675,5.68091,-0.72634,6.15264,2.13088,71.06641,-2.932481,1.513992,0.493254,,,,,,,,,,,,0.78354,2.12378,-0.79732,50,5.6096,-3.19639,-112.43076,7.81772,1.01067,18.91622,-29.43469,WOR_PR1,WOR_PR1,DRRangers2,TeamExclusive,Team,20230117-DRRangers2-Private-1,7fda4f90-96a4-11ed-a773-df94705731b4,76.41582,,,6.60323,,,,,,,e7693d0c-839b-48c7-a917-db66df881d6b,2023-01-17,20:21:17.61,2023-01-17T16:21:17.6177840-04:00,2023-01-17T20:21:17.6177840Z,,v3,,,,", ccc",,Undefined,WOR_PR1,54.98531,-113.26643,9.45811,5.23552,9.11806,-14.71735,-0.65513,-3.24104,0.50533,,,,,,,,,,,,,,,,,,,,,,,,,,,,,,,,,,,,,,,,,,,,,,,,,,,High,,,,High,,,High
13,2023-01-17,16:21:41.00,3,4,"Lorent, Wilkin",,Right,WOR_PR1,", cc.cc",,Right,WOR_PR1,Undefined,1,Top,0,1,1,Curveball,Slider,StrikeSwinging,Undefined,Undefined,Undefined,0,0,,78.41122,-0.467074,-1.072903,2016.378055,181.363675,12:00,5.20145,0.52225,5.59615,-37.14785,8.52646,0.17055,1.66964,-0.46535,72.38596,-7.291822,-1.042432,0.486416,,,,,,,,,,,,-0.36933,4.83878,-0.43041,50,5.13715,2.12733,-113.93317,-2.10639,-0.488,19.91264,-25.7807,WOR_PR1,WOR_PR1,DRRangers2,TeamExclusive,Team,20230117-DRRangers2-Private-1,8ddd7fe0-96a4-11ed-a773-df94705731b4,77.49018,,,6.02526,,,,,,,e7693d0c-839b-48c7-a917-db66df881d6b,2023-01-17,20:21:41.00,2023-01-17T16:21:41.0066096-04:00,2023-01-17T20:21:41.0066096Z,,v3,,,,", ccc",,Undefined,WOR_PR1,54.90287,-114.78686,9.95632,5.20377,-1.00111,-12.89035,-0.52206,2.14825,-0.244,,,,,,,,,,,,,,,,,,,,,,,,,,,,,,,,,,,,,,,,,,,,,,,,,,,High,,,,High,,,High
14,2023-01-17,16:21:57.44,3,5,"Lorent, Wilkin",,Right,WOR_PR1,", cc.cc",,Right,WOR_PR1,Undefined,1,Top,0,1,2,Fastball,Sinker,BallCalled,Undefined,Undefined,Undefined,0,0,,90.20901,-0.41368,-0.68835,2234.482836,223.573211,1:30,5.4604,0.28518,4.46736,-16.44788,19.84466,17.75588,3.69533,1.10858,82.07799,-3.485384,2.414991,0.433591,,,,,,,,,,,,-8.78166,10.08524,-0.23079,50,5.40212,0.67018,-130.73886,-1.54022,-15.1713,28.03806,-14.75064,WOR_PR1,WOR_PR1,DRRangers2,TeamExclusive,Team,20230117-DRRangers2-Private-1,9794fcc0-96a4-11ed-a773-df94705731b4,86.93089,,,8.13102,,,,,,,e7693d0c-839b-48c7-a917-db66df881d6b,2023-01-17,20:21:57.44,2023-01-17T16:21:57.4447792-04:00,2023-01-17T20:21:57.4447792Z,,v3,,,,", ccc",,Undefined,WOR_PR1,56.0293,-132.02557,14.01903,5.45727,-0.86329,-7.37532,-0.27752,1.36641,-7.58565,,,,,,,,,,,,,,,,,,,,,,,,,,,,,,,,,,,,,,,,,,,,,,,,,,,High,,,,High,,,High
15,2023-01-17,16:22:16.70,3,6,"Lorent, Wilkin",,Right,WOR_PR1,", cc.cc",,Right,WOR_PR1,Undefined,1,Top,0,2,2,Fastball,Four-Seam,InPlay,Undefined,Popup,Out,1,0,,89.34933,-1.626878,-2.117604,2200.395617,217.588421,1:15,5.25063,0.30824,4.71906,-16.77454,19.8758,14.37717,2.30747,-0.50405,81.4573,-4.763495,0.405741,0.435723,74.5625,55.561095,29.763175,6514.202439,,,,,72.04708,,,-7.66827,10.56434,-0.10797,50,5.07224,4.09607,-129.45507,-4.2706,-13.0064,27.15027,-14.25552,WOR_PR1,WOR_PR1,DRRangers2,TeamExclusive,Team,20230117-DRRangers2-Private-1,a3211290-96a4-11ed-a773-df94705731b4,86.50553,100.0507,,7.89203,,,,1.21037,2.55408,0.54316,e7693d0c-839b-48c7-a917-db66df881d6b,2023-01-17,20:22:16.70,2023-01-17T16:22:16.7071408-04:00,2023-01-17T20:22:16.7071408Z,,v3,,,,", ccc",,Undefined,WOR_PR1,55.77892,-130.66144,13.57513,5.24793,-3.63718,-7.12776,-0.30281,4.67399,-6.5032,194.769709,1.21037,53.68678,-21.75132,7.05417,-1.85117,0.43638,-0.08552,0.01059,-0.00049,2.55408,90.191,-23.07311,1.6424,0.04246,-0.10678,0.03894,-0.0085,0.00096,0.54316,30.7009,-4.64605,0.80844,-0.07725,-0.01009,0.00847,-0.0026,0.00033,,,,,,,,,,,,,,,,,,,,,,,High,High,Low,,High,,,High
16,2023-01-17,16:22:50.75,4,1,"Lorent, Wilkin",,Right,WOR_PR1,"Valdez, Moises",,Left,WOR_PR1,Undefined,1,Top,1,0,0,ChangeUp,Changeup,BallCalled,Undefined,Undefined,Undefined,0,0,,80.2123,-1.468639,-3.301425,2080.58272,238.648296,2:00,5.17926,0.44913,5.47445,-30.4149,14.03517,20.55017,1.26782,-0.9311,73.1085,-7.105818,0.355138,0.479852,,,,,,,,,,,,-11.32902,7.95052,-0.17339,50,5.02962,5.87946,-116.20673,-3.94773,-15.40767,22.87711,-21.36121,WOR_PR1,WOR_PR1,DRRangers2,TeamExclusive,Team,20230117-DRRangers2-Private-1,b77d2b70-96a4-11ed-a773-df94705731b4,78.5501,,,7.1038,,,,,,,e7693d0c-839b-48c7-a917-db66df881d6b,2023-01-17,20:22:50.75,2023-01-17T16:22:50.7571376-04:00,2023-01-17T20:22:50.7571376Z,,v3,,,,", ccc",,Undefined,WOR_PR1,55.02345,-117.1915,11.43855,5.17977,-3.02821,-10.6806,-0.44075,6.5427,-7.70384,,,,,,,,,,,,,,,,,,,,,,,,,,,,,,,,,,,,,,,,,,,,,,,,,,,High,,,,High,,,High
17,2023-01-17,16:23:04.27,4,2,"Lorent, Wilkin",,Right,WOR_PR1,"Valdez, Moises",,Left,WOR_PR1,Undefined,1,Top,1,1,0,Fastball,Sinker,BallCalled,Undefined,Undefined,Undefined,0,0,,88.87962,-2.922284,-0.284687,2216.001636,223.442376,1:30,5.39038,0.53572,4.78081,-17.31666,19.79068,17.55651,1.17497,1.72891,80.98394,-6.146892,2.802657,0.438431,,,,,,,,,,,,-8.68056,10.92993,-0.52338,50,5.08394,-0.20783,-128.69312,-7.16868,-14.49821,27.7294,-13.91894,WOR_PR1,WOR_PR1,DRRangers2,TeamExclusive,Team,20230117-DRRangers2-Private-1,bf6da3f0-96a4-11ed-a773-df94705731b4,85.97117,,,7.89569,,,,,,,e7693d0c-839b-48c7-a917-db66df881d6b,2023-01-17,20:23:04.27,2023-01-17T16:23:04.2727600-04:00,2023-01-17T20:23:04.2727600Z,,v3,,,,", ccc",,Undefined,WOR_PR1,55.71587,-129.91888,13.8647,5.38723,-6.55341,-6.95947,-0.52836,0.43305,-7.24911,,,,,,,,,,,,,,,,,,,,,,,,,,,,,,,,,,,,,,,,,,,,,,,,,,,High,,,,High,,,High
18,2023-01-17,16:23:21.96,4,3,"Lorent, Wilkin",,Right,WOR_PR1,"Valdez, Moises",,Left,WOR_PR1,Undefined,1,Top,1,2,0,Fastball,Sinker,InPlay,Undefined,FlyBall,Out,1,0,,88.59947,0.092306,-2.085423,2202.473639,226.105381,1:30,5.32957,0.68039,4.94222,-18.42072,18.6297,18.08658,3.88181,0.21592,80.42449,-3.36465,1.101745,0.438095,88.94388,37.26139,20.278105,,101.4729,76.33501,42.46422,302.35738,282.40986,26.109615,5.227775,-9.60123,9.55461,-0.49381,50,5.32421,3.83691,-128.43404,-0.42864,-15.96581,27.70439,-16.28572,WOR_PR1,WOR_PR1,DRRangers2,TeamExclusive,Team,20230117-DRRangers2-Private-1,ca01c530-96a4-11ed-a773-df94705731b4,86.03718,94.65725,,8.17498,,,,1.81134,3.98235,-0.17509,e7693d0c-839b-48c7-a917-db66df881d6b,2023-01-17,20:23:21.96,2023-01-17T16:23:21.9684016-04:00,2023-01-17T20:23:21.9684016Z,FlyBall,v3,,,,", ccc",,Undefined,WOR_PR1,55.5562,-129.62703,13.8522,5.32756,0.27264,-8.14286,-0.67384,4.52441,-7.98291,201.03322,1.82016,97.21157,-21.06179,4.28099,-0.20799,-0.19071,0.05777,-0.00662,0.00027,3.98004,79.01589,-19.65894,1.36857,-0.1293,-0.04632,0.02726,-0.00481,0.00029,-0.17369,35.95305,-2.46391,-0.34816,0.31752,-0.12017,0.02706,-0.00323,0.00015,,,,,,,,,,,,,,,,,,,,,,,High,High,Low,,High,,,High
19,2023-01-17,16:24:05.83,5,1,"Lorent, Wilkin",,Right,WOR_PR1,"Colina, Optiel",,Right,WOR_PR1,Undefined,1,Top,2,0,0,Fastball,Sinker,BallCalled,Undefined,Undefined,Undefined,0,0,,90.93711,-3.321939,-2.258468,2300.639197,224.513065,1:30,5.37281,0.30529,4.79358,-15.91021,19.37914,17.92631,0.89298,-0.34217,83.20686,-6.286732,0.892767,0.427556,,,,,,,,,,,,-9.47115,10.79095,-0.09665,50,5.02804,4.32631,-131.64663,-8.21283,-16.65141,27.47087,-13.20222,WOR_PR1,WOR_PR1,DRRangers2,TeamExclusive,Team,20230117-DRRangers2-Private-1,e4322d50-96a4-11ed-a773-df94705731b4,88.15786,,,7.73025,,,,,,,e7693d0c-839b-48c7-a917-db66df881d6b,2023-01-17,20:24:05.83,2023-01-17T16:24:05.8329776-04:00,2023-01-17T20:24:05.8329776Z,,v3,,,,", ccc",,Undefined,WOR_PR1,55.70542,-132.83185,13.73544,5.37009,-7.64322,-6.60111,-0.29881,5.04473,-8.32571,,,,,,,,,,,,,,,,,,,,,,,,,,,,,,,,,,,,,,,,,,,,,,,,,,,High,,,,High,,,High
20,2023-01-17,16:24:24.19,5,2,"Lorent, Wilkin",,Right,WOR_PR1,"Colina, Optiel",,Right,WOR_PR1,Undefined,1,Top,2,1,0,Fastball,Sinker,BallCalled,Undefined,Undefined,Undefined,0,0,,88.80887,-1.069977,-0.30647,2147.265312,227.817374,1:30,5.32467,0.28206,5.08513,-20.46229,15.93572,16.34753,2.61084,1.35549,81.41705,-4.864278,2.584317,0.43422,,,,,,,,,,,,-8.1926,8.54571,-0.26644,50,5.20778,-0.06873,-128.90611,-3.13392,-13.82751,26.02298,-17.75052,WOR_PR1,WOR_PR1,DRRangers2,TeamExclusive,Team,20230117-DRRangers2-Private-1,ef05efa0-96a4-11ed-a773-df94705731b4,86.80484,,,7.39183,,,,,,,e7693d0c-839b-48c7-a917-db66df881d6b,2023-01-17,20:24:24.19,2023-01-17T16:24:24.1943216-04:00,2023-01-17T20:24:24.1943216Z,,v3,,,,", ccc",,Undefined,WOR_PR1,55.41274,-129.99422,13.01149,5.32331,-2.39171,-8.87526,-0.27566,0.50944,-6.91376,,,,,,,,,,,,,,,,,,,,,,,,,,,,,,,,,,,,,,,,,,,,,,,,,,,High,,,,High,,,High
21,2023-01-17,16:24:39.87,5,3,"Lorent, Wilkin",,Right,WOR_PR1,"Colina, Optiel",,Right,WOR_PR1,Undefined,1,Top,2,2,0,Fastball,Sinker,BallCalled,Undefined,Undefined,Undefined,0,0,,89.86448,0.039324,-2.989631,2221.187862,222.738636,1:30,5.44943,0.29589,4.76306,-16.9871,19.068,16.57851,4.07118,-1.15982,82.04215,-3.135879,-0.080925,0.43217,,,,,,,,,,,,-8.91099,9.67205,-0.01131,50,5.43928,5.99131,-130.22294,-0.51049,-15.35946,26.37984,-15.50278,WOR_PR1,WOR_PR1,DRRangers2,TeamExclusive,Team,20230117-DRRangers2-Private-1,f873e060-96a4-11ed-a773-df94705731b4,87.21667,,,7.82233,,,,,,,e7693d0c-839b-48c7-a917-db66df881d6b,2023-01-17,20:24:39.87,2023-01-17T16:24:39.8743216-04:00,2023-01-17T20:24:39.8743216Z,,v3,,,,", ccc",,Undefined,WOR_PR1,55.73454,-131.37947,13.18992,5.44677,0.16918,-7.75139,-0.28874,6.66469,-7.67973,,,,,,,,,,,,,,,,,,,,,,,,,,,,,,,,,,,,,,,,,,,,,,,,,,,High,,,,High,,,High
22,2023-01-17,16:25:07.87,5,4,"Lorent, Wilkin",,Right,WOR_PR1,"Colina, Optiel",,Right,WOR_PR1,Undefined,1,Top,2,3,0,Fastball,Sinker,StrikeCalled,Undefined,Undefined,Undefined,0,0,,89.78033,-1.027961,-1.009221,2216.573572,228.826649,1:45,5.29115,0.51821,4.93557,-20.84529,15.17206,16.00127,2.5822,0.89767,81.81745,-4.89135,1.812672,0.431944,,,,,,,,,,,,-8.16961,8.13315,-0.43396,50,5.17452,1.52553,-130.18504,-3.10254,-13.98809,27.91994,-18.24836,WOR_PR1,WOR_PR1,DRRangers2,TeamExclusive,Team,20230117-DRRangers2-Private-1,09116aa0-96a5-11ed-a773-df94705731b4,87.26237,,,7.96288,,,,,,,e7693d0c-839b-48c7-a917-db66df881d6b,2023-01-17,20:25:07.87,2023-01-17T16:25:07.8799536-04:00,2023-01-17T20:25:07.8799536Z,,v3,,,,", ccc",,Undefined,WOR_PR1,55.56137,-131.37234,13.95997,5.28996,-2.32652,-9.12418,-0.51148,2.12037,-6.99405,,,,,,,,,,,,,,,,,,,,,,,,,,,,,,,,,,,,,,,,,,,,,,,,,,,High,,,,High,,,High
23,2023-01-17,16:25:24.44,5,5,"Lorent, Wilkin",,Right,WOR_PR1,"Colina, Optiel",,Right,WOR_PR1,Undefined,1,Top,2,3,1,Fastball,Sinker,BallCalled,Walk,Undefined,Undefined,0,0,,88.75715,-2.561903,-2.642861,2203.144088,230.090317,1:45,5.27242,0.5156,4.94306,-18.95977,17.75095,19.84182,1.26717,-0.33027,81.42436,-6.076196,0.854044,0.436082,,,,,,,,,,,,-10.49725,9.798,-0.27605,50,5.00817,5.00459,-128.60287,-6.43196,-17.66281,25.49214,-15.68777,WOR_PR1,WOR_PR1,DRRangers2,TeamExclusive,Team,20230117-DRRangers2-Private-1,12f8aa10-96a5-11ed-a773-df94705731b4,86.43437,,,7.33278,,,,,,,e7693d0c-839b-48c7-a917-db66df881d6b,2023-01-17,20:25:24.44,2023-01-17T16:25:24.4401328-04:00,2023-01-17T20:25:24.4401328Z,,v3,,,,", ccc",,Undefined,WOR_PR1,55.55568,-129.69947,12.74607,5.27033,-5.75712,-7.84388,-0.50768,5.76439,-8.8314,,,,,,,,,,,,,,,,,,,,,,,,,,,,,,,,,,,,,,,,,,,,,,,,,,,High,,,,High,,,High
24,2023-01-17,16:25:49.53,6,1,"Lorent, Wilkin",,Right,WOR_PR1,"Chacon, Anderson",,Right,WOR_PR1,Undefined,1,Top,2,0,0,Fastball,Sinker,BallCalled,Undefined,Undefined,Undefined,0,0,,89.18913,-3.191741,-2.482816,2103.757039,223.676981,1:30,5.30412,0.38065,4.96679,-19.38186,16.63784,14.90406,0.66804,-0.72412,82.65675,-6.750845,0.145554,0.431958,,,,,,,,,,,,-7.99434,9.32441,-0.15338,50,4.97944,4.91908,-129.31083,-7.92637,-13.73276,23.29301,-16.15651,WOR_PR1,WOR_PR1,DRRangers2,TeamExclusive,Team,20230117-DRRangers2-Private-1,21f99b50-96a5-11ed-a773-df94705731b4,87.25952,,,6.53238,,,,,,,e7693d0c-839b-48c7-a917-db66df881d6b,2023-01-17,20:25:49.53,2023-01-17T16:25:49.5369392-04:00,2023-01-17T20:25:49.5369392Z,,v3,,,,", ccc",,Undefined,WOR_PR1,55.53306,-130.3037,11.6465,5.30262,-7.2377,-8.07825,-0.37553,5.50444,-6.86638,,,,,,,,,,,,,,,,,,,,,,,,,,,,,,,,,,,,,,,,,,,,,,,,,,,High,,,,High,,,High
25,2023-01-17,16:26:05.45,6,2,"Lorent, Wilkin",,Right,WOR_PR1,"Chacon, Anderson",,Right,WOR_PR1,Undefined,1,Top,2,1,0,Fastball,Sinker,BallCalled,Undefined,Undefined,Undefined,0,0,,87.64815,0.430137,-0.692236,2145.919901,221.96912,1:30,5.38197,0.55822,4.76658,-18.82698,18.983,16.03336,4.22091,1.23799,80.15574,-3.075713,2.125183,0.442562,,,,,,,,,,,,-8.03796,9.54567,-0.50366,50,5.40936,0.77442,-127.16463,0.2921,-13.20933,25.19648,-16.48697,WOR_PR1,WOR_PR1,DRRangers2,TeamExclusive,Team,20230117-DRRangers2-Private-1,2b647ed0-96a5-11ed-a773-df94705731b4,85.16863,,,7.49241,,,,,,,e7693d0c-839b-48c7-a917-db66df881d6b,2023-01-17,20:26:05.45,2023-01-17T16:26:05.4589616-04:00,2023-01-17T20:26:05.4589616Z,,v3,,,,", ccc",,Undefined,WOR_PR1,55.73081,-128.29511,12.59824,5.37966,1.03181,-8.24348,-0.55171,1.36707,-6.60467,,,,,,,,,,,,,,,,,,,,,,,,,,,,,,,,,,,,,,,,,,,,,,,,,,,High,,,,High,,,High
26,2023-01-17,16:26:28.01,6,3,"Lorent, Wilkin",,Right,WOR_PR1,"Chacon, Anderson",,Right,WOR_PR1,Undefined,1,Top,2,2,0,Fastball,Sinker,BallCalled,Undefined,Undefined,Undefined,0,0,,89.15339,-2.084577,-4.122209,2193.33973,223.414166,1:30,5.33478,0.62656,5.13294,-16.40481,19.82804,17.66446,1.99867,-1.79006,81.54331,-5.169612,-1.006602,0.433234,,,,,,,,,,,,-9.85268,10.75264,-0.25352,50,5.12654,8.47686,-129.03605,-5.24346,-16.68215,25.78471,-13.96812,WOR_PR1,WOR_PR1,DRRangers2,TeamExclusive,Team,20230117-DRRangers2-Private-1,38de33d0-96a5-11ed-a773-df94705731b4,87.00247,,,7.61008,,,,,,,e7693d0c-839b-48c7-a917-db66df881d6b,2023-01-17,20:26:28.01,2023-01-17T16:26:28.0122032-04:00,2023-01-17T20:26:28.0122032Z,,v3,,,,", ccc",,Undefined,WOR_PR1,55.36504,-130.10371,12.89235,5.33168,-4.66509,-6.98406,-0.61882,9.16762,-8.34108,,,,,,,,,,,,,,,,,,,,,,,,,,,,,,,,,,,,,,,,,,,,,,,,,,,High,,,,High,,,High
27,2023-01-17,16:26:54.48,6,4,"Lorent, Wilkin",,Right,WOR_PR1,"Chacon, Anderson",,Right,WOR_PR1,Undefined,1,Top,2,3,0,Fastball,Sinker,BallCalled,Walk,Undefined,Undefined,0,0,,88.99525,-2.78583,-2.384465,2167.149316,227.819369,1:30,5.30011,0.39528,4.79725,-18.81903,18.13351,18.64588,1.0877,-0.31167,81.15364,-6.278141,0.893609,0.437516,,,,,,,,,,,,-9.86843,10.07642,-0.17481,50,5.0066,4.47714,-128.82529,-6.95023,-16.54966,27.28364,-15.27555,WOR_PR1,WOR_PR1,DRRangers2,TeamExclusive,Team,20230117-DRRangers2-Private-1,48afbb80-96a5-11ed-a773-df94705731b4,86.15106,,,7.84161,,,,,,,e7693d0c-839b-48c7-a917-db66df881d6b,2023-01-17,20:26:54.48,2023-01-17T16:26:54.4892592-04:00,2023-01-17T20:26:54.4892592Z,,v3,,,,", ccc",,Undefined,WOR_PR1,55.70096,-130.02708,13.64182,5.29793,-6.27737,-7.63778,-0.38808,5.20612,-8.27483,,,,,,,,,,,,,,,,,,,,,,,,,,,,,,,,,,,,,,,,,,,,,,,,,,,High,,,,High,,,High
28,2023-01-17,16:28:42.19,1,1,"Martinez, Randy",,Left,WOR_PR1,"Castro, Rayniel",,Left,WOR_PR1,Undefined,2,Top,0,0,0,Fastball,Four-Seam,BallCalled,Undefined,Undefined,Undefined,0,0,,85.88828,1.508307,0.501329,2087.631635,171.914827,11:45,5.48963,-1.61696,6.05555,-23.25915,14.38757,-1.87681,4.94785,-1.3093,78.28868,-2.887255,0.163589,0.441606,,,,,,,,,,,,1.08823,7.33154,1.57889,50,5.59426,-1.01234,-124.70571,2.59684,1.71414,25.01322,-20.62554,WOR_PR1,WOR_PR1,DRRangers2,TeamExclusive,Team,20230117-DRRangers2-Private-1,88d84b00-96a5-11ed-a773-df94705731b4,85.3531,,,7.5996,,,,,,,e7693d0c-839b-48c7-a917-db66df881d6b,2023-01-17,20:28:42.19,2023-01-17T16:28:42.1959344-04:00,2023-01-17T20:28:42.1959344Z,,v3,,,,", ccc",,Undefined,WOR_PR1,54.43791,-125.5927,12.50661,5.4892,3.32824,-10.31277,1.61587,-1.07313,0.85707,,,,,,,,,,,,,,,,,,,,,,,,,,,,,,,,,,,,,,,,,,,,,,,,,,,High,,,,High,,,High
29,2023-01-17,16:29:04.36,1,2,"Martinez, Randy",,Left,WOR_PR1,"Castro, Rayniel",,Left,WOR_PR1,Undefined,2,Top,0,1,0,Fastball,Sinker,BallCalled,Undefined,Undefined,Undefined,0,0,,84.96805,0.896268,1.651509,2181.732491,153.825469,11:15,5.27893,-1.92764,6.01,-24.94612,13.4845,-6.05,4.03081,-0.90141,77.73381,-3.792493,0.564015,0.44618,,,,,,,,,,,,3.53244,7.04886,1.80115,50,5.33562,-3.3134,-123.41332,1.17786,5.46256,23.94653,-21.27368,WOR_PR1,WOR_PR1,DRRangers2,TeamExclusive,Team,20230117-DRRangers2-Private-1,960c4470-96a5-11ed-a773-df94705731b4,84.47813,,,7.23424,,,,,,,e7693d0c-839b-48c7-a917-db66df881d6b,2023-01-17,20:29:04.36,2023-01-17T16:29:04.3651248-04:00,2023-01-17T20:29:04.3651248Z,,v3,,,,", ccc",,Undefined,WOR_PR1,54.48603,-124.28072,11.97326,5.279,1.94844,-10.63684,1.92475,-3.51126,2.73128,,,,,,,,,,,,,,,,,,,,,,,,,,,,,,,,,,,,,,,,,,,,,,,,,,,High,,,,High,,,High
30,2023-01-17,16:29:17.00,1,3,"Martinez, Randy",,Left,WOR_PR1,"Castro, Rayniel",,Left,WOR_PR1,Undefined,2,Top,0,2,0,Fastball,Four-Seam,BallCalled,Undefined,Undefined,Undefined,0,0,,85.96951,0.209832,0.760099,2243.922826,168.339723,11:30,5.48887,-1.62903,5.91443,-23.0282,14.5345,-2.76725,3.76461,-1.15416,78.87999,-4.114649,0.263256,0.441113,,,,,,,,,,,,1.60768,7.73512,1.56962,50,5.49251,-1.54319,-124.93108,-0.24814,2.55392,23.95877,-19.88628,WOR_PR1,WOR_PR1,DRRangers2,TeamExclusive,Team,20230117-DRRangers2-Private-1,9d92b080-96a5-11ed-a773-df94705731b4,85.44851,,,7.08952,,,,,,,e7693d0c-839b-48c7-a917-db66df881d6b,2023-01-17,20:29:17.00,2023-01-17T16:29:17.0057392-04:00,2023-01-17T20:29:17.0057392Z,,v3,,,,", ccc",,Undefined,WOR_PR1,54.58175,-125.80668,11.97939,5.48829,0.47863,-9.94314,1.62772,-1.63653,1.27696,,,,,,,,,,,,,,,,,,,,,,,,,,,,,,,,,,,,,,,,,,,,,,,,,,,High,,,,High,,,High
31,2023-01-17,16:29:32.44,1,4,"Martinez, Randy",,Left,WOR_PR1,"Castro, Rayniel",,Left,WOR_PR1,Undefined,2,Top,0,3,0,Fastball,Cutter,BallCalled,Walk,Undefined,Undefined,0,0,,84.64321,1.054638,0.830549,2201.143679,171.744393,11:45,5.34764,-1.96604,5.94942,-29.88891,8.95213,-1.12524,3.83525,-1.28945,77.42998,-4.518501,0.628401,0.448556,,,,,,,,,,,,0.79752,4.69524,1.90057,50,5.41494,-1.73605,-122.94324,1.30465,1.22265,23.9971,-24.97586,WOR_PR1,WOR_PR1,DRRangers2,TeamExclusive,Team,20230117-DRRangers2-Private-1,a6d0b7a0-96a5-11ed-a773-df94705731b4,84.03059,,,7.21323,,,,,,,e7693d0c-839b-48c7-a917-db66df881d6b,2023-01-17,20:29:32.44,2023-01-17T16:29:32.4489904-04:00,2023-01-17T20:29:32.4489904Z,,v3,,,,", ccc",,Undefined,WOR_PR1,54.54598,-123.82738,11.99855,5.34991,2.22486,-12.48793,1.96536,-1.7811,0.61133,,,,,,,,,,,,,,,,,,,,,,,,,,,,,,,,,,,,,,,,,,,,,,,,,,,High,,,,High,,,High
32,2023-01-17,16:29:53.85,2,1,"Martinez, Randy",,Left,WOR_PR1,"Ayena, Erickson",,Right,WOR_PR1,Undefined,2,Top,0,0,0,Fastball,Four-Seam,BallCalled,Undefined,Undefined,Undefined,0,0,,85.71286,-0.278933,0.326727,2201.564843,169.872381,11:45,5.33011,-1.82154,5.95738,-23.94997,13.78013,-2.25839,3.07561,-1.70675,78.70047,-4.769253,-0.079197,0.442095,,,,,,,,,,,,1.23906,7.498,1.79681,50,5.29452,-0.61841,-124.57685,-1.34212,1.95634,23.92668,-20.33562,WOR_PR1,WOR_PR1,DRRangers2,TeamExclusive,Team,20230117-DRRangers2-Private-1,b38aed30-96a5-11ed-a773-df94705731b4,85.25873,,,7.01239,,,,,,,e7693d0c-839b-48c7-a917-db66df881d6b,2023-01-17,20:29:53.85,2023-01-17T16:29:53.8511024-04:00,2023-01-17T20:29:53.8511024Z,,v3,,,,", ccc",,Undefined,WOR_PR1,54.53914,-125.44562,11.96334,5.32985,-0.60374,-10.16781,1.82056,-0.68945,0.97817,,,,,,,,,,,,,,,,,,,,,,,,,,,,,,,,,,,,,,,,,,,,,,,,,,,High,,,,High,,,High
33,2023-01-17,16:30:09.08,2,2,"Martinez, Randy",,Left,WOR_PR1,"Ayena, Erickson",,Right,WOR_PR1,Undefined,2,Top,0,1,0,Fastball,Four-Seam,BallCalled,Undefined,Undefined,Undefined,0,0,,85.56961,0.81401,0.578398,2184.300583,167.357625,11:30,5.36549,-1.75953,6.01973,-23.94348,13.88954,-2.85803,4.12425,-1.46195,78.33741,-3.691764,0.06428,0.442697,,,,,,,,,,,,1.61189,7.27426,1.71569,50,5.41613,-1.13845,-124.33499,1.04526,2.53154,24.165,-20.74963,WOR_PR1,WOR_PR1,DRRangers2,TeamExclusive,Team,20230117-DRRangers2-Private-1,bcadcb30-96a5-11ed-a773-df94705731b4,85.14268,,,7.23221,,,,,,,e7693d0c-839b-48c7-a917-db66df881d6b,2023-01-17,20:30:09.08,2023-01-17T16:30:09.0817712-04:00,2023-01-17T20:30:09.0817712Z,,v3,,,,", ccc",,Undefined,WOR_PR1,54.47594,-125.20189,12.0825,5.36528,1.78963,-10.37482,1.75816,-1.22927,1.26577,,,,,,,,,,,,,,,,,,,,,,,,,,,,,,,,,,,,,,,,,,,,,,,,,,,High,,,,High,,,High
34,2023-01-17,16:30:28.25,2,3,"Martinez, Randy",,Left,WOR_PR1,"Ayena, Erickson",,Right,WOR_PR1,Undefined,2,Top,0,2,0,Fastball,Cutter,BallCalled,Undefined,Undefined,Undefined,0,0,,85.75422,-0.994197,0.538261,2186.289019,163.865154,11:30,5.39133,-1.7889,6.24831,-29.23238,7.89355,-1.97543,2.03827,-1.45709,79.2874,-6.435176,0.180965,0.438541,,,,,,,,,,,,1.15894,4.69992,1.74981,50,5.30306,-1.09562,-124.74338,-3.07334,1.84194,23.05864,-24.70423,WOR_PR1,WOR_PR1,DRRangers2,TeamExclusive,Team,20230117-DRRangers2-Private-1,c8160550-96a5-11ed-a773-df94705731b4,85.94968,,,6.46682,,,,,,,e7693d0c-839b-48c7-a917-db66df881d6b,2023-01-17,20:30:28.25,2023-01-17T16:30:28.2537136-04:00,2023-01-17T20:30:28.2537136Z,,v3,,,,", ccc",,Undefined,WOR_PR1,54.2498,-125.52649,11.52932,5.39319,-2.23434,-12.35212,1.78808,-1.15817,0.92097,,,,,,,,,,,,,,,,,,,,,,,,,,,,,,,,,,,,,,,,,,,,,,,,,,,High,,,,High,,,High
35,2023-01-17,16:30:42.70,2,4,"Martinez, Randy",,Left,WOR_PR1,"Ayena, Erickson",,Right,WOR_PR1,Undefined,2,Top,0,3,0,Fastball,Cutter,BallCalled,Walk,Undefined,Undefined,0,0,,85.27415,0.170355,0.332701,2171.285129,167.449974,11:30,5.48855,-1.7309,6.06993,-25.45431,12.33075,-2.50465,3.52501,-1.63175,78.62871,-4.592473,-0.118433,0.442417,,,,,,,,,,,,1.36654,6.65922,1.7064,50,5.48808,-0.62027,-124.01606,-0.41005,2.14826,22.61334,-21.70542,WOR_PR1,WOR_PR1,DRRangers2,TeamExclusive,Team,20230117-DRRangers2-Private-1,d0a81500-96a5-11ed-a773-df94705731b4,85.1967,,,6.64543,,,,,,,e7693d0c-839b-48c7-a917-db66df881d6b,2023-01-17,20:30:42.70,2023-01-17T16:30:42.7020464-04:00,2023-01-17T20:30:42.7020464Z,,v3,,,,", ccc",,Undefined,WOR_PR1,54.42707,-124.82069,11.30667,5.48893,0.36228,-10.85271,1.72983,-0.69671,1.07413,,,,,,,,,,,,,,,,,,,,,,,,,,,,,,,,,,,,,,,,,,,,,,,,,,,High,,,,High,,,High
36,2023-01-17,16:31:20.99,3,1,"Martinez, Randy",,Left,WOR_PR1,"Almanzar, Yariel",,Right,WOR_PR1,Undefined,2,Top,0,0,0,Fastball,Four-Seam,BallCalled,Undefined,Undefined,Undefined,0,0,,86.15891,1.384669,0.546117,2222.896679,174.149499,11:45,5.47011,-1.45741,6.01372,-22.75442,14.64457,-1.38295,4.8569,-1.06675,78.68019,-2.911131,0.297436,0.440151,,,,,,,,,,,,0.85134,7.48981,1.41529,50,5.56619,-1.13526,-125.13654,2.34688,1.35241,24.81801,-20.27607,WOR_PR1,WOR_PR1,DRRangers2,TeamExclusive,Team,20230117-DRRangers2-Private-1,e7781410-96a5-11ed-a773-df94705731b4,85.63529,,,7.47872,,,,,,,e7693d0c-839b-48c7-a917-db66df881d6b,2023-01-17,20:31:20.99,2023-01-17T16:31:20.9961648-04:00,2023-01-17T20:31:20.9961648Z,,v3,,,,", ccc",,Undefined,WOR_PR1,54.48111,-126.02214,12.409,5.46953,3.0704,-10.13804,1.45666,-1.18352,0.6762,,,,,,,,,,,,,,,,,,,,,,,,,,,,,,,,,,,,,,,,,,,,,,,,,,,High,,,,High,,,High
37,2023-01-17,16:31:33.87,3,2,"Martinez, Randy",,Left,WOR_PR1,"Almanzar, Yariel",,Right,WOR_PR1,Undefined,2,Top,0,1,0,Curveball,Curveball,BallCalled,Undefined,Undefined,Undefined,0,0,,70.55659,4.490082,-2.104743,2436.717527,303.183574,4:00,5.26596,-1.68916,5.44166,-66.785,-9.90926,17.62788,3.9162,-2.19178,65.11245,-7.634305,1.027901,0.542794,,,,,,,,,,,,-9.30331,-5.48185,1.86312,50,5.61802,3.1185,-102.28328,5.93557,-9.93875,15.53889,-38.03034,WOR_PR1,WOR_PR1,DRRangers2,TeamExclusive,Team,20230117-DRRangers2-Private-1,ef32fda0-96a5-11ed-a773-df94705731b4,69.44153,,,5.44413,,,,,,,e7693d0c-839b-48c7-a917-db66df881d6b,2023-01-17,20:31:33.87,2023-01-17T16:31:33.8765488-04:00,2023-01-17T20:31:33.8765488Z,,v3,,,,", ccc",,Undefined,WOR_PR1,55.06221,-103.04947,7.76945,5.27912,7.81075,-19.01517,1.69728,3.60856,-4.96937,,,,,,,,,,,,,,,,,,,,,,,,,,,,,,,,,,,,,,,,,,,,,,,,,,,High,,,,High,,,High
38,2023-01-17,16:31:52.27,3,3,"Martinez, Randy",,Left,WOR_PR1,"Almanzar, Yariel",,Right,WOR_PR1,Undefined,2,Top,0,2,0,Fastball,Four-Seam,BallCalled,Undefined,Undefined,Undefined,0,0,,86.43501,-0.683666,0.050032,2260.379027,174.395456,11:45,5.3396,-1.4762,5.99875,-22.50958,14.20524,-1.29539,2.83028,-1.53779,80.08433,-4.89219,-0.183011,0.436106,,,,,,,,,,,,0.67488,7.79087,1.47294,50,5.27326,-0.05743,-125.74451,-2.19197,1.09602,22.08055,-19.52171,WOR_PR1,WOR_PR1,DRRangers2,TeamExclusive,Team,20230117-DRRangers2-Private-1,fa245a10-96a5-11ed-a773-df94705731b4,86.42952,,,6.35067,,,,,,,e7693d0c-839b-48c7-a917-db66df881d6b,2023-01-17,20:31:52.27,2023-01-17T16:31:52.2762928-04:00,2023-01-17T20:31:52.2762928Z,,v3,,,,", ccc",,Undefined,WOR_PR1,54.49889,-126.53204,11.04028,5.33902,-1.4957,-9.76086,1.47569,-0.09652,0.54801,,,,,,,,,,,,,,,,,,,,,,,,,,,,,,,,,,,,,,,,,,,,,,,,,,,High,,,,High,,,High
39,2023-01-17,16:32:08.82,3,4,"Martinez, Randy",,Left,WOR_PR1,"Almanzar, Yariel",,Right,WOR_PR1,Undefined,2,Top,0,3,0,Fastball,Four-Seam,BallCalled,Walk,Undefined,Undefined,0,0,,86.38965,0.830651,-0.346325,2238.852041,174.809751,11:45,5.44532,-1.55602,6.18426,-22.44584,14.4656,-1.21169,4.3419,-1.97678,79.01817,-3.416441,-0.564954,0.437272,,,,,,,,,,,,0.52673,7.59788,1.5827,50,5.49647,0.80798,-125.54814,1.16977,0.8427,24.85922,-20.01861,WOR_PR1,WOR_PR1,DRRangers2,TeamExclusive,Team,20230117-DRRangers2-Private-1,03ff8b90-96a6-11ed-a773-df94705731b4,86.19902,,,7.37147,,,,,,,e7693d0c-839b-48c7-a917-db66df881d6b,2023-01-17,20:32:08.82,2023-01-17T16:32:08.8240816-04:00,2023-01-17T20:32:08.8240816Z,,v3,,,,", ccc",,Undefined,WOR_PR1,54.31116,-126.39889,12.42961,5.44471,1.85486,-10.0093,1.55554,0.77914,0.42135,,,,,,,,,,,,,,,,,,,,,,,,,,,,,,,,,,,,,,,,,,,,,,,,,,,High,,,,High,,,High
40,2023-01-17,16:32:25.10,4,1,"Martinez, Randy",,Left,WOR_PR1,"Valdez, Moises",,Right,WOR_PR1,Undefined,2,Top,0,0,0,Fastball,Cutter,BallCalled,Undefined,Undefined,Undefined,0,0,,85.50643,1.102221,1.308449,2236.8894,164.087857,11:30,5.49155,-1.66771,6.09993,-29.64179,7.82544,-1.9363,4.04117,-0.61875,79.00221,-4.41213,0.959706,0.440552,,,,,,,,,,,,1.31721,4.10484,1.56806,50,5.56067,-2.76458,-124.36117,1.45123,2.08719,22.1798,-25.66964,WOR_PR1,WOR_PR1,DRRangers2,TeamExclusive,Team,20230117-DRRangers2-Private-1,0db92b50-96a6-11ed-a773-df94705731b4,85.55727,,,6.50422,,,,,,,e7693d0c-839b-48c7-a917-db66df881d6b,2023-01-17,20:32:25.10,2023-01-17T16:32:25.1065520-04:00,2023-01-17T20:32:25.1065520Z,,v3,,,,", ccc",,Undefined,WOR_PR1,54.3986,-125.1432,11.0899,5.49355,2.35631,-12.83482,1.66683,-2.83817,1.0436,,,,,,,,,,,,,,,,,,,,,,,,,,,,,,,,,,,,,,,,,,,,,,,,,,,High,,,,High,,,High
41,2023-01-17,16:32:38.52,4,2,"Martinez, Randy",,Left,WOR_PR1,"Valdez, Moises",,Right,WOR_PR1,Undefined,2,Top,0,1,0,Fastball,Four-Seam,StrikeCalled,Undefined,Undefined,Undefined,0,0,,85.9284,-0.470023,1.964517,2232.637091,170.009467,11:45,5.33895,-1.50297,6.02159,-23.5134,13.94828,-2.25949,2.94389,0.129,78.96247,-4.881301,1.558295,0.440519,,,,,,,,,,,,1.67039,7.64721,1.35032,50,5.28926,-4.1905,-124.83739,-1.73796,2.65066,23.82156,-20.03898,WOR_PR1,WOR_PR1,DRRangers2,TeamExclusive,Team,20230117-DRRangers2-Private-1,15be3d40-96a6-11ed-a773-df94705731b4,85.56362,,,6.96594,,,,,,,e7693d0c-839b-48c7-a917-db66df881d6b,2023-01-17,20:32:38.52,2023-01-17T16:32:38.5239216-04:00,2023-01-17T20:32:38.5239216Z,,v3,,,,", ccc",,Undefined,WOR_PR1,54.47496,-125.6884,11.91078,5.33856,-1.02207,-10.01949,1.50172,-4.28519,1.32533,,,,,,,,,,,,,,,,,,,,,,,,,,,,,,,,,,,,,,,,,,,,,,,,,,,High,,,,High,,,High
42,2023-01-17,16:32:51.10,4,3,"Martinez, Randy",,Left,WOR_PR1,"Valdez, Moises",,Right,WOR_PR1,Undefined,2,Top,0,1,1,Fastball,Four-Seam,BallCalled,Undefined,Undefined,Undefined,0,0,,84.54168,1.159437,0.658971,2220.999221,181.456246,12:00,5.3033,-1.62732,5.84113,-24.30915,14.49442,0.34043,4.35529,-0.98651,77.81525,-3.389758,0.719987,0.44834,,,,,,,,,,,,-0.00783,7.45937,1.57347,50,5.38336,-1.42713,-122.87432,1.73747,-0.01212,22.1545,-20.66018,WOR_PR1,WOR_PR1,DRRangers2,TeamExclusive,Team,20230117-DRRangers2-Private-1,1d373bd0-96a6-11ed-a773-df94705731b4,84.07112,,,6.72643,,,,,,,e7693d0c-839b-48c7-a917-db66df881d6b,2023-01-17,20:32:51.10,2023-01-17T16:32:51.1083696-04:00,2023-01-17T20:32:51.1083696Z,,v3,,,,", ccc",,Undefined,WOR_PR1,54.65563,-123.71089,11.07725,5.30302,2.51761,-10.33009,1.62736,-1.42667,-0.00606,,,,,,,,,,,,,,,,,,,,,,,,,,,,,,,,,,,,,,,,,,,,,,,,,,,High,,,,High,,,High
43,2023-01-17,16:33:03.67,4,4,"Martinez, Randy",,Left,WOR_PR1,"Valdez, Moises",,Right,WOR_PR1,Undefined,2,Top,0,2,1,Fastball,Cutter,StrikeSwinging,Undefined,Undefined,Undefined,0,0,,85.09263,-0.037742,1.038451,2231.985186,192.595296,12:30,5.49246,-1.54274,6.00603,-25.5145,12.69225,2.58106,3.33128,-0.36545,78.18233,-4.813597,1.502644,0.444878,,,,,,,,,,,,-1.05146,6.89319,1.45979,50,5.47546,-2.34419,-123.68598,-0.86448,-1.63644,23.5869,-21.44572,WOR_PR1,WOR_PR1,DRRangers2,TeamExclusive,Team,20230117-DRRangers2-Private-1,24adc960-96a6-11ed-a773-df94705731b4,84.72524,,,6.9103,,,,,,,e7693d0c-839b-48c7-a917-db66df881d6b,2023-01-17,20:33:03.67,2023-01-17T16:33:03.6770992-04:00,2023-01-17T20:33:03.6770992Z,,v3,,,,", ccc",,Undefined,WOR_PR1,54.49145,-124.53955,11.79345,5.4927,-0.08839,-10.72286,1.54355,-2.28496,-0.81822,,,,,,,,,,,,,,,,,,,,,,,,,,,,,,,,,,,,,,,,,,,,,,,,,,,High,,,,High,,,High
44,2023-01-17,16:33:17.45,4,5,"Martinez, Randy",,Left,WOR_PR1,"Valdez, Moises",,Right,WOR_PR1,Undefined,2,Top,0,2,2,Fastball,Cutter,BallCalled,Undefined,Undefined,Undefined,0,0,,84.79924,-0.206421,-0.50533,2145.79655,164.760031,11:30,5.37897,-1.73758,6.36195,-25.82088,12.18182,-3.00461,3.03726,-2.45302,77.8272,-5.070966,-1.049546,0.443689,,,,,,,,,,,,1.41713,6.76859,1.77537,50,5.35193,1.20311,-123.30203,-1.18602,2.18833,23.81778,-21.72206,WOR_PR1,WOR_PR1,DRRangers2,TeamExclusive,Team,20230117-DRRangers2-Private-1,2cefbd40-96a6-11ed-a773-df94705731b4,84.95238,,,6.97204,,,,,,,e7693d0c-839b-48c7-a917-db66df881d6b,2023-01-17,20:33:17.45,2023-01-17T16:33:17.4550192-04:00,2023-01-17T20:33:17.4550192Z,,v3,,,,", ccc",,Undefined,WOR_PR1,54.13421,-124.09805,11.90889,5.37944,-0.46004,-10.86103,1.73638,1.12997,1.09417,,,,,,,,,,,,,,,,,,,,,,,,,,,,,,,,,,,,,,,,,,,,,,,,,,,High,,,,High,,,High
45,2023-01-17,16:33:34.04,4,6,"Martinez, Randy",,Left,WOR_PR1,"Valdez, Moises",,Right,WOR_PR1,Undefined,2,Top,0,3,2,Fastball,Cutter,FoulBall,Undefined,Undefined,Undefined,0,0,,85.6009,-0.006174,0.742454,2159.609916,177.949716,12:00,5.53361,-1.80465,5.91567,-29.37966,8.6278,-0.26681,3.07957,-1.13781,78.4387,-5.47143,0.694526,0.443717,60.69832,1.46259,51.792893,4446.015609,,,,40.70984,39.07769,56.982346,0.457938,0.34138,4.78213,1.74532,50,5.51638,-1.60121,-124.38805,-0.96829,0.53531,24.7465,-24.67517,WOR_PR1,WOR_PR1,DRRangers2,TeamExclusive,Team,20230117-DRRangers2-Private-1,36dc2cd0-96a6-11ed-a773-df94705731b4,84.94704,2.82898,,7.16219,,,,-0.30409,2.75902,1.4346,e7693d0c-839b-48c7-a917-db66df881d6b,2023-01-17,20:33:34.04,2023-01-17T16:33:34.0480688-04:00,2023-01-17T20:33:34.0480688Z,GroundBall,v3,,,,", ccc",,Undefined,WOR_PR1,54.58204,-125.29631,12.37325,5.5353,-0.06265,-12.33759,1.80445,-1.62086,0.26766,,-0.30225,54.99032,-12.87023,,,,,,,2.76244,2.17335,-17.9349,,,,,,,1.42736,70.14048,2.83736,,,,,,,,,,,,,,,,,,,,,,,,,,,,,High,Medium,Medium,,High,,,High
46,2023-01-17,16:34:23.59,4,7,"Martinez, Randy",,Left,WOR_PR1,"Valdez, Moises",,Right,WOR_PR1,Undefined,2,Top,0,3,2,Fastball,Cutter,BallCalled,Walk,Undefined,Undefined,0,0,,85.61649,1.029646,0.435315,2028.861199,180.172068,12:00,5.44629,-1.56092,6.33118,-27.73588,9.53953,0.02531,4.0832,-1.15796,78.57579,-4.179658,0.4399,0.439423,,,,,,,,,,,,0.10205,5.05083,1.52918,50,5.50823,-0.94685,-124.4912,1.40585,0.1609,23.89149,-24.21034,WOR_PR1,WOR_PR1,DRRangers2,TeamExclusive,Team,20230117-DRRangers2-Private-1,544fd910-96a6-11ed-a773-df94705731b4,85.77713,,,7.0407,,,,,,,e7693d0c-839b-48c7-a917-db66df881d6b,2023-01-17,20:34:23.59,2023-01-17T16:34:23.5950768-04:00,2023-01-17T20:34:23.5950768Z,,v3,,,,", ccc",,Undefined,WOR_PR1,54.16543,-125.28806,11.94575,5.44787,2.21333,-12.10517,1.56085,-0.95222,0.08045,,,,,,,,,,,,,,,,,,,,,,,,,,,,,,,,,,,,,,,,,,,,,,,,,,,High,,,,High,,,High
47,2023-01-17,16:36:12.50,1,1,"Valera, Denny",,Right,WOR_PR1,"Colina, Optiel",,Right,WOR_PR1,Undefined,3,Top,0,0,0,Fastball,Four-Seam,BallCalled,Undefined,Undefined,Undefined,0,0,,88.30398,-1.867766,0.143493,2392.121654,208.815002,1:00,6.53984,-0.03007,5.27487,-13.88178,23.0293,11.97753,3.62811,1.10283,80.1777,-4.532,2.268155,0.43727,,,,,,,,,,,,-5.90292,12.40174,0.00802,50,6.35959,-0.87289,-128.00436,-4.55855,-9.7355,27.89444,-11.72031,WOR_PR1,WOR_PR1,DRRangers2,TeamExclusive,Team,20230117-DRRangers2-Private-1,953d6640-96a6-11ed-a773-df94705731b4,86.19943,,,8.12628,,,,,,,e7693d0c-839b-48c7-a917-db66df881d6b,2023-01-17,20:36:12.50,2023-01-17T16:36:12.5026480-04:00,2023-01-17T20:36:12.5026480Z,,v3,,,,", ccc",,Undefined,WOR_PR1,55.22026,-129.13694,13.94722,6.53501,-4.08268,-5.86015,0.03544,-0.47761,-4.86775,,,,,,,,,,,,,,,,,,,,,,,,,,,,,,,,,,,,,,,,,,,,,,,,,,,High,,,,High,,,High
48,2023-01-17,16:36:25.72,1,2,"Valera, Denny",,Right,WOR_PR1,"Colina, Optiel",,Right,WOR_PR1,Undefined,3,Top,0,1,0,Fastball,Four-Seam,FoulBall,Undefined,Undefined,Undefined,0,0,,86.72158,-2.458848,-0.813463,2282.307639,208.802894,1:00,6.45704,-0.085,5.58433,-16.12225,21.58698,11.18233,2.81571,0.08717,79.11048,-5.528227,1.182196,0.441972,,,,,,,,,,,,-5.92851,12.03162,0.14725,50,6.23559,1.316,-125.80035,-5.86552,-9.47147,26.24979,-12.95217,WOR_PR1,WOR_PR1,DRRangers2,TeamExclusive,Team,20230117-DRRangers2-Private-1,9d2ec920-96a6-11ed-a773-df94705731b4,85.28234,,,7.6111,,,,,,,e7693d0c-839b-48c7-a917-db66df881d6b,2023-01-17,20:36:25.72,2023-01-17T16:36:25.7205936-04:00,2023-01-17T20:36:25.7205936Z,,v3,,,,", ccc",,Undefined,WOR_PR1,54.91376,-126.82152,13.1249,6.45397,-5.36165,-6.47609,0.08889,1.68446,-4.73574,,,,,,,,,,,,,,,,,,,,,,,,,,,,,,,,,,,,,,,,,,,,,,,,,,,High,,,,High,,,High
49,2023-01-17,16:36:44.07,1,3,"Valera, Denny",,Right,WOR_PR1,"Colina, Optiel",,Right,WOR_PR1,Undefined,3,Top,0,1,1,Fastball,Cutter,BallCalled,Undefined,Undefined,Undefined,0,0,,87.97148,-1.360121,-0.044582,2315.810561,199.733501,12:45,6.58323,-0.19,5.32444,-13.93583,23.31722,7.89371,4.14536,0.42597,79.50244,-4.052293,1.357056,0.439291,,,,,,,,,,,,-3.93996,12.44304,0.18824,50,6.45074,-0.26222,-127.49757,-3.40135,-6.41981,28.68769,-11.89926,WOR_PR1,WOR_PR1,DRRangers2,TeamExclusive,Team,20230117-DRRangers2-Private-1,a816afb0-96a6-11ed-a773-df94705731b4,85.8029,,,8.46904,,,,,,,e7693d0c-839b-48c7-a917-db66df881d6b,2023-01-17,20:36:44.07,2023-01-17T16:36:44.0780976-04:00,2023-01-17T20:36:44.0780976Z,,v3,,,,", ccc",,Undefined,WOR_PR1,55.16986,-128.65557,14.34385,6.57834,-2.92103,-5.94963,0.1936,-0.00308,-3.2099,,,,,,,,,,,,,,,,,,,,,,,,,,,,,,,,,,,,,,,,,,,,,,,,,,,High,,,,High,,,High
50,2023-01-17,16:36:56.94,1,4,"Valera, Denny",,Right,WOR_PR1,"Colina, Optiel",,Right,WOR_PR1,Undefined,3,Top,0,2,1,Fastball,Four-Seam,InPlay,Undefined,GroundBall,Single,0,0,,87.62691,-3.902957,-0.329871,2412.055901,200.445639,12:45,6.49366,-0.21883,5.46549,-15.82678,21.51474,7.53693,1.51622,0.10052,79.73474,-6.904631,1.01255,0.439812,86.82005,-5.080207,-28.017131,,,,,18.00306,18.00306,-25.430269,0.129583,-3.93933,12.44012,0.24236,50,6.1396,0.409,-126.87711,-9.12593,-6.37469,27.72219,-12.04325,WOR_PR1,WOR_PR1,DRRangers2,TeamExclusive,Team,20230117-DRRangers2-Private-1,afc9f820-96a6-11ed-a773-df94705731b4,85.70118,1.52526,,7.89217,,,,2.29573,1.52526,0.01728,e7693d0c-839b-48c7-a917-db66df881d6b,2023-01-17,20:36:56.94,2023-01-17T16:36:56.9476784-04:00,2023-01-17T20:36:56.9476784Z,GroundBall,v3,,,,", ccc",,Undefined,WOR_PR1,55.0327,-127.97202,13.8611,6.49064,-8.65027,-6.02162,0.22123,0.66077,-3.18734,114.540931,2.29667,111.87567,-31.92545,,,,,,,1.52502,-11.25119,-3.9881,,,,,,,0.0176,-59.61166,-1.42675,,,,,,,,,,,,,,,,,,,,,,,,,,,,,High,Low,Low,,High,,,High
51,2023-01-17,16:37:18.28,2,1,"Valera, Denny",,Right,WOR_PR1,"Chacon, Anderson",,Right,WOR_PR1,Undefined,3,Top,0,0,0,Fastball,Four-Seam,StrikeCalled,Undefined,Undefined,Undefined,0,0,,88.09276,-2.481751,-0.028462,2446.978136,198.079641,12:30,6.60277,-0.20757,5.45365,-14.20839,22.81033,7.01646,3.09407,0.3505,79.69154,-5.219074,1.220584,0.437907,,,,,,,,,,,,-3.51969,12.60225,0.20519,50,6.3745,-0.25251,-127.62002,-5.91253,-5.74448,28.80862,-11.60594,WOR_PR1,WOR_PR1,DRRangers2,TeamExclusive,Team,20230117-DRRangers2-Private-1,bc727a70-96a6-11ed-a773-df94705731b4,86.07402,,,8.40122,,,,,,,e7693d0c-839b-48c7-a917-db66df881d6b,2023-01-17,20:37:18.28,2023-01-17T16:37:18.2894256-04:00,2023-01-17T20:37:18.2894256Z,,v3,,,,", ccc",,Undefined,WOR_PR1,55.04093,-128.75292,14.40431,6.59803,-5.45612,-5.80297,0.21068,-0.02661,-2.87224,,,,,,,,,,,,,,,,,,,,,,,,,,,,,,,,,,,,,,,,,,,,,,,,,,,High,,,,High,,,High
52,2023-01-17,16:37:46.10,2,2,"Valera, Denny",,Right,WOR_PR1,"Chacon, Anderson",,Right,WOR_PR1,Undefined,3,Top,0,0,1,Fastball,Four-Seam,BallCalled,Undefined,Undefined,Undefined,0,0,,89.45621,-3.807117,0.49531,2419.192319,210.55629,1:00,6.54004,-0.27893,5.3547,-13.45162,22.96923,12.73512,1.84319,1.24687,80.40058,-6.402767,2.757533,0.434356,,,,,,,,,,,,-6.18048,13.15461,0.22513,50,6.18833,-1.70916,-129.29955,-8.96131,-10.26584,31.69812,-10.32413,WOR_PR1,WOR_PR1,DRRangers2,TeamExclusive,Team,20230117-DRRangers2-Private-1,cd02be40-96a6-11ed-a773-df94705731b4,86.77766,,,9.05563,,,,,,,e7693d0c-839b-48c7-a917-db66df881d6b,2023-01-17,20:37:46.10,2023-01-17T16:37:46.1015216-04:00,2023-01-17T20:37:46.1015216Z,,v3,,,,", ccc",,Undefined,WOR_PR1,55.13919,-130.55336,15.84906,6.53472,-8.55295,-5.16207,0.2847,-1.3031,-5.13292,,,,,,,,,,,,,,,,,,,,,,,,,,,,,,,,,,,,,,,,,,,,,,,,,,,High,,,,High,,,High
53,2023-01-17,16:37:59.96,2,3,"Valera, Denny",,Right,WOR_PR1,"Chacon, Anderson",,Right,WOR_PR1,Undefined,3,Top,0,1,1,Fastball,Four-Seam,StrikeSwinging,Undefined,Undefined,Undefined,0,0,,89.75017,-4.171072,-1.278405,2432.07381,205.385326,12:45,6.51815,-0.51215,5.49012,-14.32442,21.24855,9.49729,1.4146,-0.91683,81.6691,-6.898906,0.413421,0.429271,,,,,,,,,,,,-5.1374,12.28095,0.61758,50,6.1429,2.46703,-129.85745,-9.8811,-8.72609,28.53342,-11.31438,WOR_PR1,WOR_PR1,DRRangers2,TeamExclusive,Team,20230117-DRRangers2-Private-1,d5535820-96a6-11ed-a773-df94705731b4,87.80571,,,8.08108,,,,,,,e7693d0c-839b-48c7-a917-db66df881d6b,2023-01-17,20:37:59.96,2023-01-17T16:37:59.9683760-04:00,2023-01-17T20:37:59.9683760Z,,v3,,,,", ccc",,Undefined,WOR_PR1,55.0056,-130.9527,14.26671,6.51385,-9.44679,-5.65719,0.51645,2.80198,-4.36304,,,,,,,,,,,,,,,,,,,,,,,,,,,,,,,,,,,,,,,,,,,,,,,,,,,High,,,,High,,,High
54,2023-01-17,16:38:15.89,2,4,"Valera, Denny",,Right,WOR_PR1,"Chacon, Anderson",,Right,WOR_PR1,Undefined,3,Top,0,1,2,Slider,Curveball,BallCalled,Undefined,Undefined,Undefined,0,0,,73.38978,2.934149,1.176918,2359.06244,37.441134,7:15,6.48336,-0.75729,4.71973,-61.74704,-7.05914,-6.80457,4.1251,-0.20737,66.86281,-8.184244,-0.01843,0.532252,,,,,,,,,,,,3.6687,-3.74961,0.64483,50,6.72482,-1.90757,-106.25702,3.26151,4.16352,19.45802,-36.42936,WOR_PR1,WOR_PR1,DRRangers2,TeamExclusive,Team,20230117-DRRangers2-Private-1,dee090b0-96a6-11ed-a773-df94705731b4,70.81694,,,6.52697,,,,,,,e7693d0c-839b-48c7-a917-db66df881d6b,2023-01-17,20:38:15.89,2023-01-17T16:38:15.8979248-04:00,2023-01-17T20:38:15.8979248Z,,v3,,,,", ccc",,Undefined,WOR_PR1,55.77937,-107.31013,9.72901,6.49494,5.23315,-18.21468,0.75416,-2.1329,2.08176,,,,,,,,,,,,,,,,,,,,,,,,,,,,,,,,,,,,,,,,,,,,,,,,,,,High,,,,High,,,High
55,2023-01-17,16:38:33.25,2,5,"Valera, Denny",,Right,WOR_PR1,"Chacon, Anderson",,Right,WOR_PR1,Undefined,3,Top,0,2,2,Curveball,Curveball,InPlay,Undefined,LineDrive,Out,1,0,,72.56558,0.371186,0.564322,2300.829457,27.608258,7:00,6.39426,-0.59719,4.89111,-64.35228,-8.76138,-5.56595,1.38271,-0.52719,66.58108,-11.184116,-0.420291,0.536628,62.87434,20.556787,-7.530876,917.174289,109.06754,18.03018,-14.29169,167.73439,153.57217,-7.828393,2.319621,2.94677,-4.00331,0.5469,50,6.37588,-0.8252,-105.24004,-1.49971,3.26618,19.80881,-36.61128,WOR_PR1,WOR_PR1,DRRangers2,TeamExclusive,Team,20230117-DRRangers2-Private-1,e93cb200-96a6-11ed-a773-df94705731b4,70.23943,19.27706,,5.9845,,,,2.78643,1.65504,0.52511,e7693d0c-839b-48c7-a917-db66df881d6b,2023-01-17,20:38:33.25,2023-01-17T16:38:33.2545712-04:00,2023-01-17T20:38:33.2545712Z,LineDrive,v3,,,,", ccc",,Undefined,WOR_PR1,55.60973,-106.29068,9.9044,6.40392,0.44212,-18.30564,0.59526,-0.99844,1.63309,173.004908,2.78645,85.59736,-9.46838,1.78354,-0.20961,-0.08867,0.07713,-0.02559,0.00331,1.65502,32.38172,-15.57093,0.79045,-0.23966,0.15494,-0.08195,0.02518,-0.00317,0.52511,-11.31607,0.74629,-0.1243,0.0071,0.01323,-0.00912,0.00292,-0.00037,,,,,,,,,,,,,,,,,,,,,,,High,High,High,,High,,,High
56,2023-01-17,16:38:55.60,3,1,"Valera, Denny",,Right,WOR_PR1,"Castro, Rayniel",,Left,WOR_PR1,Undefined,3,Top,1,0,0,Fastball,Four-Seam,InPlay,Undefined,LineDrive,Out,1,0,,88.21879,-4.079554,-0.608308,2394.377684,195.237189,12:30,6.49158,-0.43771,5.39515,-14.14072,22.84356,5.86811,1.48339,-0.5188,80.16693,-6.780833,0.435279,0.437703,86.7093,18.785638,12.410023,1786.516353,108.03419,29.88328,20.70227,278.00833,268.62306,8.867782,3.269952,-3.14693,13.11099,0.48764,50,6.11781,1.09757,-127.6617,-9.50709,-5.15471,28.10731,-10.69811,WOR_PR1,WOR_PR1,DRRangers2,TeamExclusive,Team,20230117-DRRangers2-Private-1,f67e8e20-96a6-11ed-a773-df94705731b4,86.11414,33.5349,,8.05186,,,,1.92943,1.57296,0.51902,e7693d0c-839b-48c7-a917-db66df881d6b,2023-01-17,20:38:55.60,2023-01-17T16:38:55.6072624-04:00,2023-01-17T20:38:55.6072624Z,LineDrive,v3,,,,", ccc",,Undefined,WOR_PR1,55.10197,-128.7801,14.05366,6.48763,-9.0814,-5.34906,0.43989,1.30267,-2.57736,155.797477,1.9294,117.58718,-18.24222,3.91196,-0.69205,0.07722,0.0022,-0.00243,0.00029,1.57302,40.94969,-13.13973,-0.15582,0.09591,0.04022,-0.03175,0.00862,-0.00086,0.51892,25.87961,-8.21812,2.4434,-0.58103,0.10341,-0.0122,0.00067,1E-05,,,,,,,,,,,,,,,,,,,,,,,High,High,High,,High,,,High
57,2023-01-17,16:39:19.77,4,1,"Valera, Denny",,Right,WOR_PR1,"Almanzar, Yariel",,Right,WOR_PR1,Undefined,3,Top,2,0,0,Fastball,Four-Seam,StrikeCalled,Undefined,Undefined,Undefined,0,0,,88.0245,-1.987484,-0.492145,2402.764523,201.356371,12:45,6.58987,-0.25846,5.41584,-13.64871,23.46879,8.66048,3.58983,0.0022,79.55186,-4.629856,1.048365,0.438491,,,,,,,,,,,,-4.4717,12.75327,0.29609,50,6.40419,0.70229,-127.54501,-4.78107,-7.28843,28.8156,-11.38744,WOR_PR1,WOR_PR1,DRRangers2,TeamExclusive,Team,20230117-DRRangers2-Private-1,04eba3d0-96a7-11ed-a773-df94705731b4,85.95941,,,8.47265,,,,,,,e7693d0c-839b-48c7-a917-db66df881d6b,2023-01-17,20:39:19.77,2023-01-17T16:39:19.7758128-04:00,2023-01-17T20:39:19.7758128Z,,v3,,,,", ccc",,Undefined,WOR_PR1,55.07846,-128.68725,14.4078,6.58477,-4.32968,-5.69372,0.26253,0.9912,-3.64422,,,,,,,,,,,,,,,,,,,,,,,,,,,,,,,,,,,,,,,,,,,,,,,,,,,High,,,,High,,,High
58,2023-01-17,16:39:36.44,4,2,"Valera, Denny",,Right,WOR_PR1,"Almanzar, Yariel",,Right,WOR_PR1,Undefined,3,Top,2,0,1,Fastball,Four-Seam,InPlay,Undefined,Popup,Out,1,0,,89.53058,-4.089834,-0.845411,2488.843584,202.780455,12:45,6.53601,-0.3655,5.29137,-11.04981,25.36671,10.0654,1.76809,-0.32057,80.46679,-6.263445,0.940534,0.434331,69.9971,66.944686,2.124979,,,,,,32.64543,,,-5.32382,14.44898,0.43472,50,6.15605,1.44723,-129.38373,-9.5141,-8.86519,31.43886,-8.11364,WOR_PR1,WOR_PR1,DRRangers2,TeamExclusive,Team,20230117-DRRangers2-Private-1,0edbbce0-96a7-11ed-a773-df94705731b4,86.78278,86.66473,,9.06379,,,,1.52379,2.25104,0.32859,e7693d0c-839b-48c7-a917-db66df881d6b,2023-01-17,20:39:36.44,2023-01-17T16:39:36.4469936-04:00,2023-01-17T20:39:36.4469936Z,,v3,,,,", ccc",,Undefined,WOR_PR1,55.20419,-130.64217,15.71943,6.53039,-9.18932,-4.05682,0.36969,1.80209,-4.4326,182.803389,1.52379,40.17686,-16.66339,5.01197,-1.18981,0.23133,-0.02133,-0.00695,0.00213,2.25104,94.46231,-22.15494,1.68819,-0.11221,-0.05082,0.03218,-0.01121,0.00188,0.32859,1.49076,1.00317,-0.83179,0.30056,-0.08611,0.02128,-0.00393,0.00037,,,,,,,,,,,,,,,,,,,,,,,High,Medium,Low,,High,,,High
59,2023-01-17,16:40:02.69,5,1,"Valera, Denny",,Right,WOR_PR1,"Valdez, Moises",,Left,WOR_PR1,Undefined,3,Top,0,0,0,Fastball,Four-Seam,BallCalled,Undefined,Undefined,Undefined,0,0,,89.92006,-4.92944,-0.478342,2408.95811,213.138368,1:00,6.41086,-0.21253,5.42462,-14.3465,21.64726,13.23178,0.5867,0.44208,81.01042,-7.670545,1.876495,0.431802,,,,,,,,,,,,-6.82524,12.91985,0.24537,50,5.96335,0.48503,-129.84523,-11.60777,-11.44482,31.7022,-10.50956,WOR_PR1,WOR_PR1,DRRangers2,TeamExclusive,Team,20230117-DRRangers2-Private-1,1e74a860-96a7-11ed-a773-df94705731b4,87.29095,,,8.90964,,,,,,,e7693d0c-839b-48c7-a917-db66df881d6b,2023-01-17,20:40:02.69,2023-01-17T16:40:02.6994864-04:00,2023-01-17T20:40:02.6994864Z,,v3,,,,", ccc",,Undefined,WOR_PR1,55.07125,-131.07755,15.8511,6.40662,-11.19924,-5.25478,0.21787,0.9299,-5.72241,,,,,,,,,,,,,,,,,,,,,,,,,,,,,,,,,,,,,,,,,,,,,,,,,,,High,,,,High,,,High
60,2023-01-17,16:40:23.03,5,2,"Valera, Denny",,Right,WOR_PR1,"Valdez, Moises",,Left,WOR_PR1,Undefined,3,Top,0,1,0,Fastball,Four-Seam,InPlay,Undefined,LineDrive,Double,0,0,,88.69376,-3.213249,-0.592631,2387.003006,205.316928,12:45,6.49727,-0.28817,5.31588,-13.5904,23.28088,10.36985,2.34571,0.01976,80.01115,-5.835188,1.248663,0.437034,90.61716,21.061287,17.743233,1392.583125,103.43892,32.90185,37.42172,266.64262,266.17949,23.495382,3.086918,-5.40685,13.10268,0.33394,50,6.19694,0.86144,-128.36562,-7.5832,-8.89242,30.12172,-10.6247,WOR_PR1,WOR_PR1,DRRangers2,TeamExclusive,Team,20230117-DRRangers2-Private-1,2aa0f5d0-96a7-11ed-a773-df94705731b4,86.24594,35.89183,,8.68262,,,,2.09682,2.48702,0.02003,e7693d0c-839b-48c7-a917-db66df881d6b,2023-01-17,20:40:23.03,2023-01-17T16:40:23.0345904-04:00,2023-01-17T20:40:23.0345904Z,LineDrive,v3,,,,", ccc",,Undefined,WOR_PR1,55.18048,-129.57555,15.06086,6.49297,-7.15642,-5.31235,0.29217,1.21863,-4.44621,227.222507,2.09687,118.12485,-21.68486,4.89795,-1.05025,0.19189,-0.02784,0.00246,-7E-05,2.48699,47.76276,-18.66318,1.35233,-0.21214,0.04166,-0.00942,0.00204,-0.00019,0.02004,37.79709,-0.23333,-0.78532,0.33126,-0.09826,0.02232,-0.00328,0.00023,,,,,,,,,,,,,,,,,,,,,,,High,High,High,,High,,,High
61,2023-01-17,16:40:54.80,6,1,"Valera, Denny",,Right,WOR_PR1,"Colina, Optiel",,Right,WOR_PR1,Undefined,3,Top,0,0,0,Fastball,Cutter,StrikeCalled,Undefined,Undefined,Undefined,0,0,,87.68415,-2.988173,-0.551176,2380.497025,204.046433,12:45,6.55754,-0.3106,5.60748,-15.04706,22.28052,9.3254,2.5117,-0.04799,79.07011,-5.887672,1.11388,0.43973,,,,,,,,,,,,-4.86725,12.60753,0.35169,50,6.29246,0.80929,-126.94977,-7.02491,-7.82636,29.55011,-11.90154,WOR_PR1,WOR_PR1,DRRangers2,TeamExclusive,Team,20230117-DRRangers2-Private-1,3d7c3b10-96a7-11ed-a773-df94705731b4,85.7172,,,8.61404,,,,,,,e7693d0c-839b-48c7-a917-db66df881d6b,2023-01-17,20:40:54.80,2023-01-17T16:40:54.8015280-04:00,2023-01-17T20:40:54.8015280Z,,v3,,,,", ccc",,Undefined,WOR_PR1,54.8867,-128.0822,14.77505,6.55293,-6.56882,-5.95077,0.31493,1.10922,-3.91318,,,,,,,,,,,,,,,,,,,,,,,,,,,,,,,,,,,,,,,,,,,,,,,,,,,High,,,,High,,,High
62,2023-01-17,16:41:08.44,6,2,"Valera, Denny",,Right,WOR_PR1,"Colina, Optiel",,Right,WOR_PR1,Undefined,3,Top,0,0,1,Curveball,Curveball,BallCalled,Undefined,Undefined,Undefined,0,0,,73.40507,2.888801,1.173634,2260.318737,49.718378,7:45,6.39442,-0.63877,4.46675,-57.4196,-2.71965,-5.19642,4.36639,0.04723,67.35723,-7.403297,0.26549,0.53231,,,,,,,,,,,,2.82847,-1.55858,0.52037,50,6.64363,-1.96384,-106.32877,3.28945,3.24636,17.79646,-33.96293,WOR_PR1,WOR_PR1,DRRangers2,TeamExclusive,Team,20230117-DRRangers2-Private-1,45b3f5c0-96a7-11ed-a773-df94705731b4,70.80914,,,6.04784,,,,,,,e7693d0c-839b-48c7-a917-db66df881d6b,2023-01-17,20:41:08.44,2023-01-17T16:41:08.4426928-04:00,2023-01-17T20:41:08.4426928Z,,v3,,,,", ccc",,Undefined,WOR_PR1,56.03208,-107.33362,8.89823,6.40375,5.20712,-16.98146,0.63643,-2.14714,1.62318,,,,,,,,,,,,,,,,,,,,,,,,,,,,,,,,,,,,,,,,,,,,,,,,,,,High,,,,High,,,High
63,2023-01-17,16:41:25.26,6,3,"Valera, Denny",,Right,WOR_PR1,"Colina, Optiel",,Right,WOR_PR1,Undefined,3,Top,0,1,1,Fastball,Four-Seam,BallCalled,Undefined,Undefined,Undefined,0,0,,89.20049,-4.156594,-1.505234,2509.706793,205.42592,12:45,6.53757,-0.56484,5.45999,-14.41985,21.59596,9.67784,1.43713,-1.16758,81.2574,-6.900299,0.217545,0.431935,,,,,,,,,,,,-5.28622,12.42883,0.6907,50,6.16122,2.9545,-129.06423,-9.7945,-8.88088,27.86591,-11.2936,WOR_PR1,WOR_PR1,DRRangers2,TeamExclusive,Team,20230117-DRRangers2-Private-1,4fab88e0-96a7-11ed-a773-df94705731b4,87.26423,,,7.94309,,,,,,,e7693d0c-839b-48c7-a917-db66df881d6b,2023-01-17,20:41:25.26,2023-01-17T16:41:25.2661424-04:00,2023-01-17T20:41:25.2661424Z,,v3,,,,", ccc",,Undefined,WOR_PR1,55.03596,-130.14699,13.93295,6.53327,-9.35568,-5.6468,0.5692,3.29958,-4.44044,,,,,,,,,,,,,,,,,,,,,,,,,,,,,,,,,,,,,,,,,,,,,,,,,,,High,,,,High,,,High
64,2023-01-17,16:41:48.32,6,4,"Valera, Denny",,Right,WOR_PR1,"Colina, Optiel",,Right,WOR_PR1,Undefined,3,Top,0,2,1,Curveball,Curveball,BallCalled,Undefined,Undefined,Undefined,0,0,,74.73851,2.521376,0.898823,2281.826545,30.520315,7:00,6.48608,-0.73052,4.71531,-58.69019,-6.39378,-4.725,3.98987,-0.27121,68.61661,-8.025439,0.06856,0.520484,,,,,,,,,,,,2.55575,-3.3098,0.64412,50,6.68842,-1.50675,-108.35019,2.6559,3.04008,18.82096,-36.11111,WOR_PR1,WOR_PR1,DRRangers2,TeamExclusive,Team,20230117-DRRangers2-Private-1,5d7866f0-96a7-11ed-a773-df94705731b4,72.41805,,,6.12189,,,,,,,e7693d0c-839b-48c7-a917-db66df881d6b,2023-01-17,20:41:48.32,2023-01-17T16:41:48.3247792-04:00,2023-01-17T20:41:48.3247792Z,,v3,,,,", ccc",,Undefined,WOR_PR1,55.78462,-109.35039,9.41048,6.49628,4.57495,-18.05556,0.72848,-1.6683,1.52004,,,,,,,,,,,,,,,,,,,,,,,,,,,,,,,,,,,,,,,,,,,,,,,,,,,High,,,,High,,,High
65,2023-01-17,16:42:03.53,6,5,"Valera, Denny",,Right,WOR_PR1,"Colina, Optiel",,Right,WOR_PR1,Undefined,3,Top,0,3,1,Fastball,Four-Seam,StrikeSwinging,Undefined,Undefined,Undefined,0,0,,87.99311,-2.482392,-1.175668,2440.757998,202.653168,12:45,6.60535,-0.30011,5.50471,-14.06387,23.35856,9.14134,3.10982,-0.638,78.78349,-5.223095,0.452851,0.440288,,,,,,,,,,,,-4.96453,12.98068,0.39657,50,6.37954,2.19767,-127.31043,-5.87272,-7.97897,31.18857,-11.31149,WOR_PR1,WOR_PR1,DRRangers2,TeamExclusive,Team,20230117-DRRangers2-Private-1,667cc070-96a7-11ed-a773-df94705731b4,85.60852,,,9.20962,,,,,,,e7693d0c-839b-48c7-a917-db66df881d6b,2023-01-17,20:42:03.53,2023-01-17T16:42:03.5374768-04:00,2023-01-17T20:42:03.5374768Z,,v3,,,,", ccc",,Undefined,WOR_PR1,54.988,-128.52658,15.59429,6.59994,-5.43164,-5.65574,0.30482,2.5088,-3.98949,,,,,,,,,,,,,,,,,,,,,,,,,,,,,,,,,,,,,,,,,,,,,,,,,,,High,,,,High,,,High
66,2023-01-17,16:42:24.61,6,6,"Valera, Denny",,Right,WOR_PR1,"Colina, Optiel",,Right,WOR_PR1,Undefined,3,Top,0,3,2,Curveball,Curveball,StrikeCalled,Strikeout,Undefined,Undefined,0,0,,73.01614,1.819826,1.738554,2313.217459,30.052036,7:00,6.41338,-0.70773,4.74275,-69.55681,-14.08379,-9.27249,2.34451,0.16913,66.56845,-10.652629,0.104784,0.536059,,,,,,,,,,,,5.07796,-6.83138,0.5414,50,6.5349,-2.83641,-105.7552,0.88154,5.66626,20.51043,-39.7969,WOR_PR1,WOR_PR1,DRRangers2,TeamExclusive,Team,20230117-DRRangers2-Private-1,73176010-96a7-11ed-a773-df94705731b4,70.31401,,,6.44768,,,,,,,e7693d0c-839b-48c7-a917-db66df881d6b,2023-01-17,20:42:24.61,2023-01-17T16:42:24.6143664-04:00,2023-01-17T20:42:24.6143664Z,,v3,,,,", ccc",,Undefined,WOR_PR1,55.7581,-106.86611,10.25522,6.42878,3.03705,-19.89845,0.70335,-3.14331,2.83313,,,,,,,,,,,,,,,,,,,,,,,,,,,,,,,,,,,,,,,,,,,,,,,,,,,High,,,,High,,,High
67,2023-01-17,16:45:44.83,1,1,"Humbert, Josnayder",,Left,WOR_PR1,"Jimenez, Carlos",,Left,WOR_PR1,Undefined,4,Top,0,0,0,Fastball,Four-Seam,InPlay,Undefined,LineDrive,Out,1,0,,85.36685,-2.016546,-0.561914,2256.636454,188.996448,12:15,6.61191,-0.3653,4.76052,-21.8845,18.30052,2.68398,2.8752,-0.67447,77.80422,-6.064072,-0.090009,0.456251,70.68765,31.905513,-5.88381,3289.680216,108.03583,49.62298,-20.69392,259.36294,251.32089,-17.425752,3.943103,-1.48713,9.9754,0.41913,50,6.39131,1.09063,-123.67658,-5.12939,-2.29497,25.50277,-16.7796,WOR_PR1,WOR_PR1,DRRangers2,TeamExclusive,Team,20230117-DRRangers2-Private-1,ea6cb110-96a7-11ed-a773-df94705731b4,82.61347,52.22263,,7.56263,,,,1.54303,2.91067,0.67553,e7693d0c-839b-48c7-a917-db66df881d6b,2023-01-17,20:45:44.83,2023-01-17T16:45:44.8342192-04:00,2023-01-17T20:45:44.8342192Z,FlyBall,v3,,,,", ccc",,Undefined,WOR_PR1,55.73633,-124.85384,12.75138,6.61021,-4.35481,-8.3898,0.36634,1.19657,-1.14748,135.152561,1.54419,87.51694,-11.67433,2.10722,-0.1408,-0.08334,0.02959,-0.00346,0.00011,2.91022,54.80281,-16.52458,0.84484,-0.04403,-0.06053,0.03643,-0.00793,0.0006,0.67586,-9.03061,-5.69979,1.41912,-0.27784,0.03621,-0.00402,0.00074,-8E-05,,,,,,,,,,,,,,,,,,,,,,,High,High,High,,High,,,High
68,2023-01-17,16:46:10.10,2,1,"Humbert, Josnayder",,Left,WOR_PR1,"Ayena, Erickson",,Right,WOR_PR1,Undefined,4,Top,1,0,0,Fastball,Four-Seam,BallCalled,Undefined,Undefined,Undefined,0,0,,86.31032,-2.438922,-0.968857,2411.403173,175.529884,11:45,6.45076,-0.63493,5.1068,-18.94627,20.48883,-1.48343,2.57231,-1.67146,77.48211,-6.022793,-1.231244,0.451974,,,,,,,,,,,,0.40409,11.3628,0.7274,50,6.20678,2.18012,-124.77623,-5.90153,0.62547,29.36412,-14.58589,WOR_PR1,WOR_PR1,DRRangers2,TeamExclusive,Team,20230117-DRRangers2-Private-1,f97b0fd0-96a7-11ed-a773-df94705731b4,83.39523,,,8.82821,,,,,,,e7693d0c-839b-48c7-a917-db66df881d6b,2023-01-17,20:46:10.10,2023-01-17T16:46:10.1053104-04:00,2023-01-17T20:46:10.1053104Z,,v3,,,,", ccc",,Undefined,WOR_PR1,55.38354,-126.0368,14.68206,6.44668,-5.27537,-7.29295,0.63439,2.15327,0.31274,,,,,,,,,,,,,,,,,,,,,,,,,,,,,,,,,,,,,,,,,,,,,,,,,,,High,,,,High,,,High
69,2023-01-17,16:46:26.70,2,2,"Humbert, Josnayder",,Left,WOR_PR1,"Ayena, Erickson",,Right,WOR_PR1,Undefined,4,Top,1,1,0,Fastball,Four-Seam,BallCalled,Undefined,Undefined,Undefined,0,0,,86.97114,-3.838023,-2.090198,2281.686694,169.328795,11:45,6.50231,-0.56686,5.22896,-17.97599,20.9208,-3.65288,1.3886,-2.837,78.01152,-7.240581,-2.737092,0.448878,,,,,,,,,,,,1.08331,12.11957,0.76216,50,6.13532,4.75167,-125.49156,-8.95993,1.69156,30.31999,-13.24936,WOR_PR1,WOR_PR1,DRRangers2,TeamExclusive,Team,20230117-DRRangers2-Private-1,0355a510-96a8-11ed-a773-df94705731b4,83.97033,,,8.95962,,,,,,,e7693d0c-839b-48c7-a917-db66df881d6b,2023-01-17,20:46:26.70,2023-01-17T16:46:26.7030704-04:00,2023-01-17T20:46:26.7030704Z,,v3,,,,", ccc",,Undefined,WOR_PR1,55.26106,-126.75631,15.15999,6.49754,-8.40726,-6.62468,0.56542,4.68111,0.84578,,,,,,,,,,,,,,,,,,,,,,,,,,,,,,,,,,,,,,,,,,,,,,,,,,,High,,,,High,,,High
70,2023-01-17,16:46:51.49,2,3,"Humbert, Josnayder",,Left,WOR_PR1,"Ayena, Erickson",,Right,WOR_PR1,Undefined,4,Top,1,2,0,Fastball,Four-Seam,FoulBall,Undefined,Undefined,Undefined,0,0,,87.65299,-3.294439,0.102418,2381.530697,157.314363,11:15,6.46318,-0.7224,5.31416,-17.50674,20.41993,-7.93122,1.90886,-1.28721,78.84812,-6.616931,-1.30635,0.443245,57.16076,-29.289476,68.522234,,,,,5.38572,4.79647,54.692546,0.04707,4.01441,11.74272,0.71914,50,6.15246,0.12866,-126.77728,-7.83164,6.41162,30.42757,-13.41924,WOR_PR1,WOR_PR1,DRRangers2,TeamExclusive,Team,20230117-DRRangers2-Private-1,12257430-96a8-11ed-a773-df94705731b4,85.0375,1.93872,,8.80487,,,,1.84728,1.93872,1.17883,e7693d0c-839b-48c7-a917-db66df881d6b,2023-01-17,20:46:51.49,2023-01-17T16:46:51.4969776-04:00,2023-01-17T20:46:51.4969776Z,GroundBall,v3,,,,", ccc",,Undefined,WOR_PR1,55.18088,-128.0147,15.21378,6.45986,-7.28592,-6.70962,0.71921,-0.13209,3.20581,180,1.84641,26.88518,,,,,,,,1.94005,-41.18852,,,,,,,,1.17664,68.32977,,,,,,,,,,,,,,,,,,,,,,,,,,,,,,High,Low,Low,,High,,,High
71,2023-01-17,16:47:16.65,2,4,"Humbert, Josnayder",,Left,WOR_PR1,"Ayena, Erickson",,Right,WOR_PR1,Undefined,4,Top,1,2,1,Curveball,Curveball,StrikeSwinging,Undefined,Undefined,Undefined,0,0,,72.09361,-0.783372,-0.368659,1926.408067,311.295237,4:30,6.1499,-1.12948,5.05836,-61.19173,-5.21473,8.0967,0.31179,-0.80241,66.31861,-11.787077,1.069115,0.538488,,,,,,,,,,,,-4.15276,-1.82504,1.15777,50,6.02666,0.37052,-104.55792,-3.44321,-4.54474,19.50691,-34.17135,WOR_PR1,WOR_PR1,DRRangers2,TeamExclusive,Team,20230117-DRRangers2-Private-1,2136b920-96a8-11ed-a773-df94705731b4,69.99677,,,5.77499,,,,,,,e7693d0c-839b-48c7-a917-db66df881d6b,2023-01-17,20:47:16.65,2023-01-17T16:47:16.6588080-04:00,2023-01-17T20:47:16.6588080Z,,v3,,,,", ccc",,Undefined,WOR_PR1,55.44124,-105.56818,9.75346,6.15915,-1.67347,-17.08568,1.13249,0.60589,-2.27237,,,,,,,,,,,,,,,,,,,,,,,,,,,,,,,,,,,,,,,,,,,,,,,,,,,High,,,,High,,,High
72,2023-01-17,16:47:39.19,2,5,"Humbert, Josnayder",,Left,WOR_PR1,"Ayena, Erickson",,Right,WOR_PR1,Undefined,4,Top,1,2,2,Curveball,Curveball,StrikeCalled,Strikeout,Undefined,Undefined,0,0,,70.40603,0.897282,-0.755232,1855.106873,296.647992,4:00,6.19311,-1.18719,5.50368,-64.62602,-7.22367,18.06391,1.64693,-0.38823,64.92873,-10.837026,2.474616,0.545301,,,,,,,,,,,,-9.31831,-3.3141,1.24079,50,6.22811,0.71169,-102.2676,-0.37841,-9.8033,17.9065,-35.66065,WOR_PR1,WOR_PR1,DRRangers2,TeamExclusive,Team,20230117-DRRangers2-Private-1,2e9b1160-96a8-11ed-a773-df94705731b4,69.12227,,,5.4773,,,,,,,e7693d0c-839b-48c7-a917-db66df881d6b,2023-01-17,20:47:39.19,2023-01-17T16:47:39.1932080-04:00,2023-01-17T20:47:39.1932080Z,,v3,,,,", ccc",,Undefined,WOR_PR1,54.99792,-103.139,8.95325,6.2043,1.35697,-17.83032,1.19455,1.18875,-4.90165,,,,,,,,,,,,,,,,,,,,,,,,,,,,,,,,,,,,,,,,,,,,,,,,,,,High,,,,High,,,High
73,2023-01-17,16:48:05.52,3,1,"Humbert, Josnayder",,Left,WOR_PR1,"Perez, Wilman",,Right,WOR_PR1,Undefined,4,Top,2,0,0,Curveball,Curveball,BallCalled,Undefined,Undefined,Undefined,0,0,,70.41049,3.954509,-0.540944,2139.309526,307.221884,4:15,6.3118,-0.76701,4.68379,-70.04429,-10.42823,16.35241,4.23595,0.08202,64.14538,-8.633043,2.329044,0.555716,,,,,,,,,,,,-8.07288,-5.56626,0.80654,50,6.65117,0.31529,-101.88184,4.62722,-8.41379,18.05331,-37.97537,WOR_PR1,WOR_PR1,DRRangers2,TeamExclusive,Team,20230117-DRRangers2-Private-1,3e4d0320-96a8-11ed-a773-df94705731b4,67.82676,,,6.26511,,,,,,,e7693d0c-839b-48c7-a917-db66df881d6b,2023-01-17,20:48:05.52,2023-01-17T16:48:05.5296176-04:00,2023-01-17T20:48:05.5296176Z,,v3,,,,", ccc",,Undefined,WOR_PR1,55.81719,-102.90747,9.02666,6.32701,6.78466,-18.98768,0.77505,0.79329,-4.20689,,,,,,,,,,,,,,,,,,,,,,,,,,,,,,,,,,,,,,,,,,,,,,,,,,,High,,,,High,,,High
74,2023-01-17,16:48:20.90,3,2,"Humbert, Josnayder",,Left,WOR_PR1,"Perez, Wilman",,Right,WOR_PR1,Undefined,4,Top,2,1,0,Fastball,Four-Seam,StrikeSwinging,Undefined,Undefined,Undefined,0,0,,86.17716,-2.983749,-0.259378,2317.812302,175.808987,11:45,6.44987,-0.55293,5.20246,-17.42178,21.44556,-1.47437,2.18926,-0.91974,78.48228,-6.265713,-0.520684,0.448708,,,,,,,,,,,,0.65413,11.92182,0.57807,50,6.16083,0.63189,-124.80171,-7.0365,1.02773,26.01655,-13.44334,WOR_PR1,WOR_PR1,DRRangers2,TeamExclusive,Team,20230117-DRRangers2-Private-1,47697880-96a8-11ed-a773-df94705731b4,84.00216,,,7.69488,,,,,,,e7693d0c-839b-48c7-a917-db66df881d6b,2023-01-17,20:48:20.90,2023-01-17T16:48:20.9070768-04:00,2023-01-17T20:48:20.9070768Z,,v3,,,,", ccc",,Undefined,WOR_PR1,55.29177,-125.90002,13.00828,6.4459,-6.46898,-6.72167,0.55231,0.58851,0.51386,,,,,,,,,,,,,,,,,,,,,,,,,,,,,,,,,,,,,,,,,,,,,,,,,,,High,,,,High,,,High
75,2023-01-17,16:48:40.03,3,3,"Humbert, Josnayder",,Left,WOR_PR1,"Perez, Wilman",,Right,WOR_PR1,Undefined,4,Top,2,1,1,Fastball,Four-Seam,FoulBall,Undefined,Undefined,Undefined,0,0,,84.88464,-2.832862,-1.471368,2290.440261,191.051857,12:15,6.47662,-0.31889,5.05116,-21.24229,18.94048,3.43941,2.03157,-1.42029,77.59762,-6.774239,-0.863605,0.456238,74.8642,1.945356,167.724934,,,,,34.25297,20.30266,167.670674,0.34763,-2.12701,10.60438,0.45611,50,6.19038,3.00657,-122.9517,-6.79715,-3.25136,24.69794,-15.9641,WOR_PR1,WOR_PR1,DRRangers2,TeamExclusive,Team,20230117-DRRangers2-Private-1,52e67320-96a8-11ed-a773-df94705731b4,82.61578,1.71928,,7.28702,,,,1.63713,1.58203,1.58504,e7693d0c-839b-48c7-a917-db66df881d6b,2023-01-17,20:48:40.03,2023-01-17T16:48:40.0352432-04:00,2023-01-17T20:48:40.0352432Z,GroundBall,v3,,,,", ccc",,Undefined,WOR_PR1,55.44564,-124.04077,12.34897,6.47459,-6.09321,-7.98205,0.32038,3.14994,-1.62568,,1.63418,-107.11722,17.73257,,,,,,,1.59154,3.35953,-22.90832,,,,,,,1.59747,22.84948,-18.52167,,,,,,,,,,,,,,,,,,,,,,,,,,,,,High,Medium,Medium,,High,,,High
76,2023-01-17,16:49:06.46,3,4,"Humbert, Josnayder",,Left,WOR_PR1,"Perez, Wilman",,Right,WOR_PR1,Undefined,4,Top,2,1,2,Curveball,Curveball,BallCalled,Undefined,Undefined,Undefined,0,0,,76.00751,-1.423479,1.126657,2186.014967,291.233304,3:45,6.32346,-1.03621,4.76888,-50.70593,-0.68713,5.42516,0.74787,0.48417,70.92464,-10.469325,2.083304,0.509024,,,,,,,,,,,,-2.39532,0.44047,0.91838,50,6.1361,-2.38762,-110.34811,-4.55853,-2.97973,18.00001,-31.62608,WOR_PR1,WOR_PR1,DRRangers2,TeamExclusive,Team,20230117-DRRangers2-Private-1,6296b730-96a8-11ed-a773-df94705731b4,74.04848,,,5.08287,,,,,,,e7693d0c-839b-48c7-a917-db66df881d6b,2023-01-17,20:49:06.46,2023-01-17T16:49:06.4604848-04:00,2023-01-17T20:49:06.4604848Z,,v3,,,,", ccc",,Undefined,WOR_PR1,55.73142,-111.27909,9,6.32957,-2.92278,-15.81304,1.03788,-2.2335,-1.48987,,,,,,,,,,,,,,,,,,,,,,,,,,,,,,,,,,,,,,,,,,,,,,,,,,,High,,,,High,,,High
77,2023-01-17,16:49:23.00,3,5,"Humbert, Josnayder",,Left,WOR_PR1,"Perez, Wilman",,Right,WOR_PR1,Undefined,4,Top,2,2,2,Curveball,Curveball,StrikeSwinging,Strikeout,Undefined,Undefined,0,0,,75.24667,-1.051864,0.812767,2284.369291,273.295288,3:00,6.33807,-0.84342,4.79877,-50.81081,0.99614,12.83749,1.10694,0.99656,69.07526,-10.18184,3.076687,0.518042,,,,,,,,,,,,-6.03532,1.37839,0.75089,50,6.18961,-2.07237,-109.04459,-3.79602,-7.20868,20.60856,-30.52768,WOR_PR1,WOR_PR1,DRRangers2,TeamExclusive,Team,20230117-DRRangers2-Private-1,6c73bd70-96a8-11ed-a773-df94705731b4,72.75936,,,6.17141,,,,,,,e7693d0c-839b-48c7-a917-db66df881d6b,2023-01-17,20:49:23.00,2023-01-17T16:49:23.0015664-04:00,2023-01-17T20:49:23.0015664Z,,v3,,,,", ccc",,Undefined,WOR_PR1,55.69818,-110.11624,10.30428,6.34573,-2.20858,-15.26384,0.84891,-1.69751,-3.60434,,,,,,,,,,,,,,,,,,,,,,,,,,,,,,,,,,,,,,,,,,,,,,,,,,,High,,,,High,,,High
78,2023-01-17,16:50:15.73,4,1,"Humbert, Josnayder",,Left,WOR_PR1,"Guillen, Steven",,Left,WOR_PR1,Undefined,4,Top,0,0,0,Fastball,Four-Seam,FoulBall,Undefined,Undefined,Undefined,0,0,,86.28633,-4.311331,0.229964,2331.928259,164.306659,11:30,6.49047,-0.65169,5.04754,-17.10304,22.12989,-5.82512,0.99102,-0.92021,78.42563,-7.521336,-0.799633,0.450813,,,,,,,,,,,,2.99788,12.74997,0.63479,50,6.06639,-0.24462,-124.76228,-9.95063,4.68398,27.14467,-12.25305,WOR_PR1,WOR_PR1,DRRangers2,TeamExclusive,Team,20230117-DRRangers2-Private-1,8be00560-96a8-11ed-a773-df94705731b4,83.60985,,,7.86071,,,,,,,e7693d0c-839b-48c7-a917-db66df881d6b,2023-01-17,20:50:15.73,2023-01-17T16:50:15.7342896-04:00,2023-01-17T20:50:15.7342896Z,,v3,,,,", ccc",,Undefined,WOR_PR1,55.45041,-125.94255,13.57233,6.48746,-9.41786,-6.12653,0.64986,-0.44829,2.34199,,,,,,,,,,,,,,,,,,,,,,,,,,,,,,,,,,,,,,,,,,,,,,,,,,,High,,,,High,,,High
79,2023-01-17,16:50:45.66,4,2,"Humbert, Josnayder",,Left,WOR_PR1,"Guillen, Steven",,Left,WOR_PR1,Undefined,4,Top,0,0,1,Fastball,Four-Seam,FoulBall,Undefined,Undefined,Undefined,0,0,,85.2063,-2.444838,-1.011457,2186.838242,164.731872,11:30,6.62115,-0.56564,5.0619,-16.46194,24.17371,-6.16378,2.94219,-2.03315,76.27392,-5.602502,-2.100287,0.458802,34.89156,55.126897,-62.173185,4124.245679,,,,70.07375,57.91777,-62.434873,2.613038,2.71858,13.29359,0.66695,50,6.37694,2.45145,-123.19205,-5.7343,4.08419,29.58602,-12.2029,WOR_PR1,WOR_PR1,DRRangers2,TeamExclusive,Team,20230117-DRRangers2-Private-1,9db91ce0-96a8-11ed-a773-df94705731b4,82.15411,28.84169,,8.93238,,,,2.14467,3.01528,2.00192,e7693d0c-839b-48c7-a917-db66df881d6b,2023-01-17,20:50:45.66,2023-01-17T16:50:45.6600240-04:00,2023-01-17T20:50:45.6600240Z,GroundBall,v3,,,,", ccc",,Undefined,WOR_PR1,55.43231,-124.48985,14.79301,6.61674,-5.19902,-6.10145,0.56334,2.2723,2.0421,146.040667,2.14517,13.62549,-1.66484,-0.5002,2.07276,-2.04393,1.01144,-0.24937,0.02429,3.0146,42.01616,-18.18464,1.66045,-1.18491,0.66779,-0.20659,0.02855,-0.00109,2.00204,-25.88107,0.93128,-0.30862,0.14659,-0.07649,0.02522,-0.00391,0.00017,,,,,,,,,,,,,,,,,,,,,,,High,High,Medium,,High,,,High
80,2023-01-17,16:51:07.60,4,3,"Humbert, Josnayder",,Left,WOR_PR1,"Guillen, Steven",,Left,WOR_PR1,Undefined,4,Top,0,0,2,Curveball,Slider,BallCalled,Undefined,Undefined,Undefined,0,0,,77.35895,-3.222945,1.075671,2150.900954,256.174746,2:30,6.29829,-0.55545,4.98664,-44.70892,3.74414,9.01477,-0.47453,1.21162,71.68755,-11.228107,2.672334,0.500993,,,,,,,,,,,,-4.22638,3.15087,0.44399,50,5.95084,-2.45733,-112.08941,-7.86114,-5.3704,20.49159,-28.17028,WOR_PR1,WOR_PR1,DRRangers2,TeamExclusive,Team,20230117-DRRangers2-Private-1,aad26260-96a8-11ed-a773-df94705731b4,75.23542,,,5.67139,,,,,,,e7693d0c-839b-48c7-a917-db66df881d6b,2023-01-17,20:51:07.60,2023-01-17T16:51:07.6026544-04:00,2023-01-17T20:51:07.6026544Z,,v3,,,,", ccc",,Undefined,WOR_PR1,55.51329,-113.09283,10.2458,6.302,-6.48172,-14.08514,0.55788,-2.19436,-2.6852,,,,,,,,,,,,,,,,,,,,,,,,,,,,,,,,,,,,,,,,,,,,,,,,,,,High,,,,High,,,High
81,2023-01-17,16:51:25.04,4,4,"Humbert, Josnayder",,Left,WOR_PR1,"Guillen, Steven",,Left,WOR_PR1,Undefined,4,Top,0,1,2,Curveball,Curveball,StrikeSwinging,Strikeout,Undefined,Undefined,0,0,,73.54189,-1.980238,0.850609,2011.206658,279.434343,3:15,6.3506,-0.72211,4.91405,-53.75936,0.48244,8.41264,-0.00268,0.78328,67.53821,-11.627161,2.339438,0.530076,,,,,,,,,,,,-3.92839,1.3389,0.6316,50,6.11231,-1.90296,-106.52792,-5.48759,-4.45693,20.4676,-30.65503,WOR_PR1,WOR_PR1,DRRangers2,TeamExclusive,Team,20230117-DRRangers2-Private-1,b53fc1c0-96a8-11ed-a773-df94705731b4,71.10758,,,6.00368,,,,,,,e7693d0c-839b-48c7-a917-db66df881d6b,2023-01-17,20:51:25.04,2023-01-17T16:51:25.0420400-04:00,2023-01-17T20:51:25.0420400Z,,v3,,,,", ccc",,Undefined,WOR_PR1,55.5846,-107.59556,10.2338,6.35685,-3.88855,-15.32752,0.7248,-1.67047,-2.22846,,,,,,,,,,,,,,,,,,,,,,,,,,,,,,,,,,,,,,,,,,,,,,,,,,,High,,,,High,,,High
82,2023-01-17,16:51:52.76,5,1,"Humbert, Josnayder",,Left,WOR_PR1,"Lara, Jorge",,Right,WOR_PR1,Undefined,4,Top,1,0,0,Fastball,Four-Seam,FoulBall,Undefined,Undefined,Undefined,0,0,,86.11092,-3.133968,0.333013,2314.723767,181.367786,12:00,6.47548,-0.38649,5.16329,-18.63867,20.97726,0.46394,1.96961,-0.0344,77.26292,-6.664263,0.41519,0.453009,66.98309,76.051775,66.100544,,,,,,25.14794,,,-0.11823,11.95012,0.35507,50,6.1697,-0.74436,-124.48027,-7.39105,-0.18163,29.86853,-13.81636,WOR_PR1,WOR_PR1,DRRangers2,TeamExclusive,Team,20230117-DRRangers2-Private-1,c5baa8d0-96a8-11ed-a773-df94705731b4,83.2047,82.42075,,8.848,,,,1.21031,2.42132,0.05152,e7693d0c-839b-48c7-a917-db66df881d6b,2023-01-17,20:51:52.76,2023-01-17T16:51:52.7624880-04:00,2023-01-17T20:51:52.7624880Z,,v3,,,,", ccc",,Undefined,WOR_PR1,55.33073,-125.75285,14.93427,6.47207,-6.80239,-6.90818,0.38662,-0.73663,-0.09082,194.231847,1.21031,9.5938,-11.64774,3.86413,-0.99766,0.2096,-0.02793,-0.00265,0.00137,2.42132,95.34492,-28.42811,3.57506,-0.6339,0.06461,0.01493,-0.01214,0.00246,0.05152,21.65023,-0.05526,-1.36862,0.56247,-0.17379,0.04782,-0.01074,0.00119,,,,,,,,,,,,,,,,,,,,,,,High,High,Low,,High,,,High
83,2023-01-17,16:52:13.96,5,2,"Humbert, Josnayder",,Left,WOR_PR1,"Lara, Jorge",,Right,WOR_PR1,Undefined,4,Top,1,0,1,Fastball,Four-Seam,BallCalled,Undefined,Undefined,Undefined,0,0,,85.97189,-3.74798,-0.746025,2319.56531,173.269195,11:45,6.45942,-0.52774,4.94539,-16.77013,23.28883,-2.56492,1.51475,-1.44651,77.26151,-6.930088,-1.198362,0.455535,,,,,,,,,,,,1.00847,13.14205,0.60234,50,6.08241,1.73675,-124.13721,-8.63328,1.54531,29.02098,-12.03583,WOR_PR1,WOR_PR1,DRRangers2,TeamExclusive,Team,20230117-DRRangers2-Private-1,d2571d30-96a8-11ed-a773-df94705731b4,82.74332,,,8.71037,,,,,,,e7693d0c-839b-48c7-a917-db66df881d6b,2023-01-17,20:52:13.96,2023-01-17T16:52:13.9639472-04:00,2023-01-17T20:52:13.9639472Z,,v3,,,,", ccc",,Undefined,WOR_PR1,55.54663,-125.4272,14.51049,6.45427,-8.09828,-6.01791,0.52667,1.66806,0.77266,,,,,,,,,,,,,,,,,,,,,,,,,,,,,,,,,,,,,,,,,,,,,,,,,,,High,,,,High,,,High
84,2023-01-17,16:52:31.88,5,3,"Humbert, Josnayder",,Left,WOR_PR1,"Lara, Jorge",,Right,WOR_PR1,Undefined,4,Top,1,1,1,Fastball,Four-Seam,BallCalled,Undefined,Undefined,Undefined,0,0,,85.80751,-1.453956,2.150353,2287.516264,175.816299,11:45,6.48913,-0.62981,5.21727,-18.94099,20.50659,-1.39638,3.54239,1.27663,77.47938,-5.037049,1.903157,0.452045,,,,,,,,,,,,1.35118,11.03512,0.43227,50,6.34113,-4.59805,-124.17789,-3.73013,2.08676,27.40109,-15.13141,WOR_PR1,WOR_PR1,DRRangers2,TeamExclusive,Team,20230117-DRRangers2-Private-1,dd135fe0-96a8-11ed-a773-df94705731b4,83.38205,,,8.32813,,,,,,,e7693d0c-839b-48c7-a917-db66df881d6b,2023-01-17,20:52:31.88,2023-01-17T16:52:31.8894768-04:00,2023-01-17T20:52:31.8894768Z,,v3,,,,", ccc",,Undefined,WOR_PR1,55.27406,-125.33626,13.70055,6.4853,-3.09046,-7.56571,0.62852,-4.68627,1.04338,,,,,,,,,,,,,,,,,,,,,,,,,,,,,,,,,,,,,,,,,,,,,,,,,,,High,,,,High,,,High
85,2023-01-17,16:52:50.14,5,4,"Humbert, Josnayder",,Left,WOR_PR1,"Lara, Jorge",,Right,WOR_PR1,Undefined,4,Top,1,2,1,Curveball,Curveball,BallCalled,Undefined,Undefined,Undefined,0,0,,75.64157,-1.078059,0.460047,2089.222789,297.68326,4:00,6.30322,-0.69429,4.93424,-57.10763,-5.76748,14.42583,0.52513,0.9427,69.20221,-11.331007,3.014604,0.515703,,,,,,,,,,,,-6.9626,-1.93036,0.63713,50,6.15127,-1.46318,-109.60785,-4.08281,-8.33466,22.26571,-34.4848,WOR_PR1,WOR_PR1,DRRangers2,TeamExclusive,Team,20230117-DRRangers2-Private-1,e7edb1e0-96a8-11ed-a773-df94705731b4,73.0894,,,6.43937,,,,,,,e7693d0c-839b-48c7-a917-db66df881d6b,2023-01-17,20:52:50.14,2023-01-17T16:52:50.1495984-04:00,2023-01-17T20:52:50.1495984Z,,v3,,,,", ccc",,Undefined,WOR_PR1,55.56423,-110.7324,11.13285,6.31349,-2.34112,-17.2424,0.70039,-1.04223,-4.16733,,,,,,,,,,,,,,,,,,,,,,,,,,,,,,,,,,,,,,,,,,,,,,,,,,,High,,,,High,,,High
86,2023-01-17,16:53:24.85,5,5,"Humbert, Josnayder",,Left,WOR_PR1,"Lara, Jorge",,Right,WOR_PR1,Undefined,4,Top,1,3,1,Fastball,Four-Seam,FoulBall,Undefined,Undefined,Undefined,0,0,,87.61751,-2.379788,-0.411009,2361.327214,165.029549,11:30,6.47419,-0.60352,5.13983,-19.29229,18.63277,-4.61756,2.62436,-1.37533,79.23575,-6.001477,-1.228491,0.443236,57.66728,28.862864,81.767844,5425.082139,,,,,66.46159,,,2.16602,10.40816,0.64573,50,6.23706,1.12182,-126.85499,-5.90751,3.48744,28.83687,-15.4161,WOR_PR1,WOR_PR1,DRRangers2,TeamExclusive,Team,20230117-DRRangers2-Private-1,fc96d950-96a8-11ed-a773-df94705731b4,85.03929,25.16333,,8.38176,,,,0.09285,2.48392,1.40395,e7693d0c-839b-48c7-a917-db66df881d6b,2023-01-17,20:53:24.85,2023-01-17T16:53:24.8516272-04:00,2023-01-17T20:53:24.8516272Z,,v3,,,,", ccc",,Undefined,WOR_PR1,55.35504,-128.06652,14.41844,6.47164,-5.25983,-7.70805,0.60168,0.9753,1.74372,,0.09285,10.60579,-7.09837,0.8333,0.04601,-0.67402,1.05891,-0.82187,0.25718,2.48392,40.82737,-19.62556,1.88362,-0.37202,0.2154,-0.19946,0.13719,-0.03999,1.40395,73.30851,-6.97597,-0.14626,0.37414,-1.02236,1.4808,-1.13484,0.35293,,,,,,,,,,,,,,,,,,,,,,,High,Low,Low,,High,,,High
87,2023-01-17,16:53:50.79,5,6,"Humbert, Josnayder",,Left,WOR_PR1,"Lara, Jorge",,Right,WOR_PR1,Undefined,4,Top,1,3,2,Curveball,Curveball,FoulBall,Undefined,Undefined,Undefined,0,0,,72.5383,1.675199,-0.93868,1975.219108,278.321534,3:15,6.2355,-0.86005,4.87219,-55.14586,0.0235,11.63005,3.22586,-0.7792,66.67781,-8.285263,1.111622,0.534589,,,,,,,,,,,,-6.05603,-0.03992,0.94175,50,6.35313,1.28452,-105.23164,1.23818,-6.78762,17.93491,-32.2188,WOR_PR1,WOR_PR1,DRRangers2,TeamExclusive,Team,20230117-DRRangers2-Private-1,0c223040-96a9-11ed-a773-df94705731b4,70.50726,,,5.86049,,,,,,,e7693d0c-839b-48c7-a917-db66df881d6b,2023-01-17,20:53:50.79,2023-01-17T16:53:50.7909296-04:00,2023-01-17T20:53:50.7909296Z,,v3,,,,", ccc",,Undefined,WOR_PR1,55.62825,-106.18654,8.96745,6.24154,2.9536,-16.1094,0.86373,1.64591,-3.39381,,,,,,,,,,,,,,,,,,,,,,,,,,,,,,,,,,,,,,,,,,,,,,,,,,,High,,,,High,,,High
88,2023-01-17,16:54:10.37,5,7,"Humbert, Josnayder",,Left,WOR_PR1,"Lara, Jorge",,Right,WOR_PR1,Undefined,4,Top,1,3,2,Curveball,Curveball,FoulBall,Undefined,Undefined,Undefined,0,0,,71.42134,2.82151,-2.129729,2138.487906,300.433169,4:00,6.25375,-0.9162,4.92922,-67.25594,-9.90682,20.151,3.32018,-1.25104,65.18912,-9.308176,1.42613,0.545048,78.76307,32.507233,35.409033,3909.882371,82.03409,57.28159,73.28264,213.2311,150.82496,50.498665,4.223581,-10.59347,-5.19122,1.10582,50,6.47243,3.07865,-103.45751,2.84328,-11.37639,18.73674,-37.74891,WOR_PR1,WOR_PR1,DRRangers2,TeamExclusive,Team,20230117-DRRangers2-Private-1,17c17ff0-96a9-11ed-a773-df94705731b4,69.15436,61.04885,,6.23222,,,,0.52245,3.37376,1.04761,e7693d0c-839b-48c7-a917-db66df881d6b,2023-01-17,20:54:10.37,2023-01-17T16:54:10.3771824-04:00,2023-01-17T20:54:10.3771824Z,FlyBall,v3,,,,", ccc",,Undefined,WOR_PR1,55.57299,-104.46193,9.36837,6.26577,4.8669,-18.87446,0.92444,3.68851,-5.6882,,0.52444,79.35388,-21.14601,4.62276,-0.76457,0.034,0.00931,-0.00114,1E-05,3.37293,62.09805,-18.98395,1.55257,-0.25853,0.03078,0.0064,-0.00256,0.00022,1.04847,56.42446,-4.11194,-0.74529,0.50812,-0.16054,0.02732,-0.00201,2E-05,,,,,,,,,,,,,,,,,,,,,,,High,High,Medium,,High,,,High
89,2023-01-17,16:54:30.94,5,8,"Humbert, Josnayder",,Left,WOR_PR1,"Lara, Jorge",,Right,WOR_PR1,Undefined,4,Top,1,3,2,Fastball,Four-Seam,FoulBall,Undefined,Undefined,Undefined,0,0,,86.44095,-3.620187,-0.448146,2257.242501,169.413655,11:45,6.45124,-0.56358,5.0729,-22.27576,16.73221,-2.87106,1.1773,-1.22534,78.64191,-7.73904,-0.956115,0.449519,,,,,,,,,,,,1.29295,9.80938,0.60847,50,6.09057,1.10744,-125.05645,-8.68129,2.03073,27.15732,-16.76753,WOR_PR1,WOR_PR1,DRRangers2,TeamExclusive,Team,20230117-DRRangers2-Private-1,24028de0-96a9-11ed-a773-df94705731b4,83.85061,,,7.79903,,,,,,,e7693d0c-839b-48c7-a917-db66df881d6b,2023-01-17,20:54:30.94,2023-01-17T16:54:30.9438128-04:00,2023-01-17T20:54:30.9438128Z,,v3,,,,", ccc",,Undefined,WOR_PR1,55.42298,-126.22862,13.57866,6.44965,-7.95757,-8.38376,0.56256,1.01979,1.01536,,,,,,,,,,,,,,,,,,,,,,,,,,,,,,,,,,,,,,,,,,,,,,,,,,,High,,,,High,,,High
90,2023-01-17,16:54:50.64,5,9,"Humbert, Josnayder",,Left,WOR_PR1,"Lara, Jorge",,Right,WOR_PR1,Undefined,4,Top,1,3,2,Fastball,Cutter,StrikeSwinging,Strikeout,Undefined,Undefined,0,0,,84.97469,-3.012402,0.465782,2295.374778,191.297657,12:30,6.35424,-0.55162,5.19092,-23.82671,16.01127,2.93937,1.53219,0.13151,77.87557,-7.406989,0.986977,0.454276,,,,,,,,,,,,-1.33394,9.2202,0.5061,50,6.05691,-1.12992,-123.12834,-7.29108,-2.04744,24.49237,-18.02229,WOR_PR1,WOR_PR1,DRRangers2,TeamExclusive,Team,20230117-DRRangers2-Private-1,2fb51770-96a9-11ed-a773-df94705731b4,82.97252,,,7.09911,,,,,,,e7693d0c-839b-48c7-a917-db66df881d6b,2023-01-17,20:54:50.64,2023-01-17T16:54:50.6437296-04:00,2023-01-17T20:54:50.6437296Z,,v3,,,,", ccc",,Undefined,WOR_PR1,55.3052,-124.17916,12.24618,6.35314,-6.51785,-9.01115,0.5527,-1.04207,-1.02372,,,,,,,,,,,,,,,,,,,,,,,,,,,,,,,,,,,,,,,,,,,,,,,,,,,High,,,,High,,,High
91,2023-01-17,16:56:13.32,1,1,"Vicente, Jhon",,Right,WOR_PR1,"Jimenez, Carlos",,Left,WOR_PR1,Undefined,5,Top,0,0,0,Fastball,Four-Seam,StrikeSwinging,Undefined,Undefined,Undefined,0,0,,86.74746,-3.140409,-2.817029,2154.382507,218.33668,1:15,6.24127,1.33844,5.0867,-18.14662,20.21588,15.00162,1.7626,-0.06868,79.44074,-6.528886,-0.167435,0.445784,,,,,,,,,,,,-8.2065,11.26489,-1.08411,50,5.92992,5.50057,-125.58149,-7.49226,-13.13856,24.82795,-14.13905,WOR_PR1,WOR_PR1,DRRangers2,TeamExclusive,Team,20230117-DRRangers2-Private-1,60ff7ff0-96a9-11ed-a773-df94705731b4,84.55307,,,7.30672,,,,,,,e7693d0c-839b-48c7-a917-db66df881d6b,2023-01-17,20:56:13.32,2023-01-17T16:56:13.3224112-04:00,2023-01-17T20:56:13.3224112Z,,v3,,,,", ccc",,Undefined,WOR_PR1,55.4109,-126.64673,12.41398,6.23836,-6.88563,-7.06952,-1.3322,6.06428,-6.56928,,,,,,,,,,,,,,,,,,,,,,,,,,,,,,,,,,,,,,,,,,,,,,,,,,,High,,,,High,,,High
92,2023-01-17,16:56:30.09,1,2,"Vicente, Jhon",,Right,WOR_PR1,"Jimenez, Carlos",,Left,WOR_PR1,Undefined,5,Top,0,0,1,Fastball,Four-Seam,BallCalled,Undefined,Undefined,Undefined,0,0,,86.72602,-1.036623,1.037825,2235.58529,223.876012,1:30,6.2807,1.25136,4.87819,-19.06001,19.44489,17.55796,3.71129,3.69657,79.52007,-4.576729,4.127295,0.446611,,,,,,,,,,,,-8.34725,10.22067,-1.36875,50,6.16345,-3.09568,-125.80965,-2.92946,-13.41427,24.88663,-15.74913,WOR_PR1,WOR_PR1,DRRangers2,TeamExclusive,Team,20230117-DRRangers2-Private-1,6af73a20-96a9-11ed-a773-df94705731b4,84.39659,,,7.20596,,,,,,,e7693d0c-839b-48c7-a917-db66df881d6b,2023-01-17,20:56:30.09,2023-01-17T16:56:30.0919472-04:00,2023-01-17T20:56:30.0919472Z,,v3,,,,", ccc",,Undefined,WOR_PR1,55.61909,-126.91631,12.44331,6.27815,-2.22913,-7.87456,-1.24435,-2.49918,-6.70714,,,,,,,,,,,,,,,,,,,,,,,,,,,,,,,,,,,,,,,,,,,,,,,,,,,High,,,,High,,,High
93,2023-01-17,16:56:50.04,1,3,"Vicente, Jhon",,Right,WOR_PR1,"Jimenez, Carlos",,Left,WOR_PR1,Undefined,5,Top,0,1,1,Curveball,Slider,BallCalled,Undefined,Undefined,Undefined,0,0,,79.12299,1.124932,-0.173248,2532.625088,157.765504,11:15,6.00747,1.39222,5.27911,-32.90514,13.0256,-4.69957,4.32201,0.83788,71.89497,-4.968133,-1.006968,0.487779,,,,,,,,,,,,2.28276,6.64339,-1.3729,50,6.08645,0.54094,-114.7186,1.18246,3.0253,22.31332,-23.36965,WOR_PR1,WOR_PR1,DRRangers2,TeamExclusive,Team,20230117-DRRangers2-Private-1,76e08b20-96a9-11ed-a773-df94705731b4,77.27361,,,7.22803,,,,,,,e7693d0c-839b-48c7-a917-db66df881d6b,2023-01-17,20:56:50.04,2023-01-17T16:56:50.0442800-04:00,2023-01-17T20:56:50.0442800Z,,v3,,,,", ccc",,Undefined,WOR_PR1,55.2153,-115.72856,11.15666,6.00899,2.24023,-11.68483,-1.39428,0.40401,1.51265,,,,,,,,,,,,,,,,,,,,,,,,,,,,,,,,,,,,,,,,,,,,,,,,,,,High,,,,High,,,High
94,2023-01-17,16:57:07.61,1,4,"Vicente, Jhon",,Right,WOR_PR1,"Jimenez, Carlos",,Left,WOR_PR1,Undefined,5,Top,0,2,1,Fastball,Four-Seam,BallCalled,Undefined,Undefined,Undefined,0,0,,86.8146,0.686721,-0.151728,2201.387525,218.275992,1:15,6.30411,0.9274,4.74518,-18.32812,20.66934,15.26824,5.42814,2.05584,78.54086,-2.76147,2.529766,0.449458,,,,,,,,,,,,-7.45784,10.27666,-0.92616,50,6.35802,-0.40412,-125.7612,0.8978,-11.85734,27.23085,-15.83506,WOR_PR1,WOR_PR1,DRRangers2,TeamExclusive,Team,20230117-DRRangers2-Private-1,81576060-96a9-11ed-a773-df94705731b4,83.86189,,,8.27374,,,,,,,e7693d0c-839b-48c7-a917-db66df881d6b,2023-01-17,20:57:07.61,2023-01-17T16:57:07.6158128-04:00,2023-01-17T20:57:07.6158128Z,,v3,,,,", ccc",,Undefined,WOR_PR1,55.74908,-126.99994,13.61543,6.30079,1.61814,-7.91753,-0.92005,0.13527,-5.92867,,,,,,,,,,,,,,,,,,,,,,,,,,,,,,,,,,,,,,,,,,,,,,,,,,,High,,,,High,,,High
95,2023-01-17,16:57:28.21,1,5,"Vicente, Jhon",,Right,WOR_PR1,"Jimenez, Carlos",,Left,WOR_PR1,Undefined,5,Top,0,3,1,Fastball,Four-Seam,BallCalled,Walk,Undefined,Undefined,0,0,,87.86371,-3.346569,-3.579683,2334.935083,213.967069,1:15,6.25735,1.05555,5.11596,-17.85253,19.70954,12.42398,1.60738,-1.28561,80.1524,-6.687567,-1.387072,0.441109,,,,,,,,,,,,-7.18374,11.11922,-0.7285,50,5.92831,7.37875,-127.02448,-8.02834,-11.72164,26.34136,-14.03095,WOR_PR1,WOR_PR1,DRRangers2,TeamExclusive,Team,20230117-DRRangers2-Private-1,8dae4040-96a9-11ed-a773-df94705731b4,85.44919,,,7.7113,,,,,,,e7693d0c-839b-48c7-a917-db66df881d6b,2023-01-17,20:57:28.21,2023-01-17T16:57:28.2111664-04:00,2023-01-17T20:57:28.2111664Z,,v3,,,,", ccc",,Undefined,WOR_PR1,55.38107,-128.1355,13.17068,6.25445,-7.43654,-7.01547,-1.05014,7.87315,-5.86082,,,,,,,,,,,,,,,,,,,,,,,,,,,,,,,,,,,,,,,,,,,,,,,,,,,High,,,,High,,,High
96,2023-01-17,16:57:59.18,2,1,"Vicente, Jhon",,Right,WOR_PR1,"Ayena, Erickson",,Right,WOR_PR1,Undefined,5,Top,0,0,0,Fastball,Four-Seam,InPlay,Undefined,Popup,Out,1,0,,86.91927,-1.763845,-2.108164,2189.790879,209.104928,1:00,6.31091,0.88161,4.76574,-16.12509,22.68734,11.89548,3.29315,-0.1268,78.9599,-4.808266,-0.019001,0.448391,85.55668,61.122482,-18.34267,,,,,,64.7622,,,-6.48965,12.06288,-0.68152,50,6.12113,4.08144,-125.87378,-4.40515,-10.36508,26.62444,-12.90761,WOR_PR1,WOR_PR1,DRRangers2,TeamExclusive,Team,20230117-DRRangers2-Private-1,a01fee40-96a9-11ed-a773-df94705731b4,84.06159,123.86355,,7.95937,,,,2.22833,3.57683,0.10619,e7693d0c-839b-48c7-a917-db66df881d6b,2023-01-17,20:57:59.18,2023-01-17T16:57:59.1885488-04:00,2023-01-17T20:57:59.1885488Z,,v3,,,,", ccc",,Undefined,WOR_PR1,55.73175,-127.08036,13.31222,6.30751,-3.8202,-6.45381,-0.87713,4.55117,-5.18254,172.198268,2.22833,57.52152,-21.78336,7.12159,-1.8596,0.42388,-0.07167,0.00473,0.00045,3.57683,109.87965,-24.55073,1.99221,-0.01272,-0.11692,0.05306,-0.01448,0.00189,0.10619,-19.07097,2.68017,-1.378,0.46027,-0.13029,0.03078,-0.0051,0.00041,,,,,,,,,,,,,,,,,,,,,,,High,High,Low,,High,,,High
97,2023-01-17,16:58:22.89,3,1,"Vicente, Jhon",,Right,WOR_PR1,"Perez, Wilman",,Right,WOR_PR1,Undefined,5,Top,1,0,0,Curveball,Slider,BallCalled,Undefined,Undefined,Undefined,0,0,,76.39143,-2.535427,-3.891219,2394.276127,145.179487,10:45,6.01896,1.18865,4.7691,-40.61542,9.99371,-5.75363,0.22346,-2.98563,70.07721,-9.84061,-4.900014,0.512019,,,,,,,,,,,,1.67169,6.17713,-0.7931,50,5.72927,7.7395,-110.34223,-6.29866,2.04601,20.96847,-24.61381,WOR_PR1,WOR_PR1,DRRangers2,TeamExclusive,Team,20230117-DRRangers2-Private-1,ae4a0780-96a9-11ed-a773-df94705731b4,73.61536,,,6.31422,,,,,,,e7693d0c-839b-48c7-a917-db66df881d6b,2023-01-17,20:58:22.89,2023-01-17T16:58:22.8931760-04:00,2023-01-17T20:58:22.8931760Z,,v3,,,,", ccc",,Undefined,WOR_PR1,55.7272,-111.42526,10.48424,6.02176,-5.02734,-12.3069,-1.19012,7.63383,1.023,,,,,,,,,,,,,,,,,,,,,,,,,,,,,,,,,,,,,,,,,,,,,,,,,,,High,,,,High,,,High
98,2023-01-17,16:58:40.80,3,2,"Vicente, Jhon",,Right,WOR_PR1,"Perez, Wilman",,Right,WOR_PR1,Undefined,5,Top,1,1,0,Fastball,Four-Seam,FoulBall,Undefined,Undefined,Undefined,0,0,,85.88849,-3.149897,-1.922477,2178.808077,214.367617,1:15,6.10932,0.90392,5.19247,-18.52655,21.1032,13.40768,1.59775,0.21212,77.36714,-6.654877,0.452405,0.453088,61.56271,-22.315892,-163.640488,,,,,2.04561,2.15006,-138.635465,0.05037,-7.33095,11.98575,-0.7363,50,5.80366,3.57362,-124.18764,-7.40954,-11.26031,28.6886,-13.76401,WOR_PR1,WOR_PR1,DRRangers2,TeamExclusive,Team,20230117-DRRangers2-Private-1,b8ee7c70-96a9-11ed-a773-df94705731b4,83.19017,1.73251,,8.52135,,,,2.51481,1.73251,-0.16294,e7693d0c-839b-48c7-a917-db66df881d6b,2023-01-17,20:58:40.80,2023-01-17T16:58:40.8018608-04:00,2023-01-17T20:58:40.8018608Z,GroundBall,v3,,,,", ccc",,Undefined,WOR_PR1,55.30332,-125.40678,14.3443,6.1061,-6.82463,-6.882,-0.89833,4.05213,-5.63015,,2.5169,-80.40608,,,,,,,,1.73341,-34.39556,,,,,,,,-0.16233,-23.60307,,,,,,,,,,,,,,,,,,,,,,,,,,,,,,High,Low,Low,,High,,,High
99,2023-01-17,16:59:04.11,3,3,"Vicente, Jhon",,Right,WOR_PR1,"Perez, Wilman",,Right,WOR_PR1,Undefined,5,Top,1,1,1,Curveball,Curveball,BallCalled,Undefined,Undefined,Undefined,0,0,,74.21093,0.174128,-0.443008,2661.762751,48.82501,7:45,6.0953,1.00256,4.9692,-60.28432,-6.57807,-9.84792,1.23609,-0.23656,67.15951,-10.716921,-2.1866,0.527453,,,,,,,,,,,,4.69559,-2.67949,-0.95133,50,6.06312,1.22431,-107.44407,-1.75927,5.35394,22.88596,-35.22919,WOR_PR1,WOR_PR1,DRRangers2,TeamExclusive,Team,20230117-DRRangers2-Private-1,c6d412a0-96a9-11ed-a773-df94705731b4,71.46122,,,7.05141,,,,,,,e7693d0c-839b-48c7-a917-db66df881d6b,2023-01-17,20:59:04.11,2023-01-17T16:59:04.1171120-04:00,2023-01-17T20:59:04.1171120Z,,v3,,,,", ccc",,Undefined,WOR_PR1,55.52766,-108.6151,11.44298,6.10702,0.04334,-17.6146,-1.00697,0.95036,2.67697,,,,,,,,,,,,,,,,,,,,,,,,,,,,,,,,,,,,,,,,,,,,,,,,,,,High,,,,High,,,High
100,2023-01-17,16:59:21.09,3,4,"Vicente, Jhon",,Right,WOR_PR1,"Perez, Wilman",,Right,WOR_PR1,Undefined,5,Top,1,2,1,Fastball,Four-Seam,BallCalled,Undefined,Undefined,Undefined,0,0,,86.86178,-4.946329,-4.206783,2198.68767,203.870942,12:45,6.24477,0.69588,5.20197,-13.77843,25.30726,10.52134,0.42031,-2.39099,78.10849,-7.606757,-2.350463,0.449967,,,,,,,,,,,,-6.56721,14.61186,-0.31391,50,5.77498,8.71183,-125.01207,-11.20231,-10.22722,28.94318,-9.41877,WOR_PR1,WOR_PR1,DRRangers2,TeamExclusive,Team,20230117-DRRangers2-Private-1,d0e82e70-96a9-11ed-a773-df94705731b4,83.76721,,,8.75329,,,,,,,e7693d0c-839b-48c7-a917-db66df881d6b,2023-01-17,20:59:21.09,2023-01-17T16:59:21.0983600-04:00,2023-01-17T20:59:21.0983600Z,,v3,,,,", ccc",,Undefined,WOR_PR1,55.29156,-126.23124,14.47159,6.2385,-10.80557,-4.70938,-0.68995,9.14263,-5.11361,,,,,,,,,,,,,,,,,,,,,,,,,,,,,,,,,,,,,,,,,,,,,,,,,,,High,,,,High,,,High
101,2023-01-17,16:59:47.25,3,5,"Vicente, Jhon",,Right,WOR_PR1,"Perez, Wilman",,Right,WOR_PR1,Undefined,5,Top,1,3,1,Fastball,Four-Seam,StrikeSwinging,Undefined,Undefined,Undefined,0,0,,87.40665,-1.998045,-2.82634,2310.098786,208.62097,1:00,6.1807,1.05828,5.34441,-14.70765,23.21139,11.90654,3.07781,-0.60283,78.73787,-4.83737,-0.714618,0.4432,,,,,,,,,,,,-6.8237,12.63237,-0.81219,50,5.99055,5.70318,-126.46271,-4.81574,-10.90716,28.91386,-11.98221,WOR_PR1,WOR_PR1,DRRangers2,TeamExclusive,Team,20230117-DRRangers2-Private-1,e0851190-96a9-11ed-a773-df94705731b4,85.04605,,,8.66878,,,,,,,e7693d0c-839b-48c7-a917-db66df881d6b,2023-01-17,20:59:47.25,2023-01-17T16:59:47.2541872-04:00,2023-01-17T20:59:47.2541872Z,,v3,,,,", ccc",,Undefined,WOR_PR1,55.15014,-127.63479,14.45693,6.17592,-4.33002,-5.99111,-1.05235,6.14532,-5.45358,,,,,,,,,,,,,,,,,,,,,,,,,,,,,,,,,,,,,,,,,,,,,,,,,,,High,,,,High,,,High
102,2023-01-17,17:00:03.23,3,6,"Vicente, Jhon",,Right,WOR_PR1,"Perez, Wilman",,Right,WOR_PR1,Undefined,5,Top,1,3,2,Fastball,Four-Seam,BallCalled,Walk,Undefined,Undefined,0,0,,85.6763,-3.966509,-3.620156,2101.201173,213.958743,1:15,6.26973,0.49093,5.17284,-18.05261,22.10564,13.82079,1.01934,-1.76852,76.912,-7.392476,-1.178298,0.456098,,,,,,,,,,,,-8.02304,12.7389,-0.16435,50,5.88632,7.18367,-123.51545,-9.11652,-12.16486,28.84835,-12.85877,WOR_PR1,WOR_PR1,DRRangers2,TeamExclusive,Team,20230117-DRRangers2-Private-1,ea161ab0-96a9-11ed-a773-df94705731b4,82.64102,,,8.7643,,,,,,,e7693d0c-839b-48c7-a917-db66df881d6b,2023-01-17,21:00:03.23,2023-01-17T17:00:03.2373936-04:00,2023-01-17T21:00:03.2373936Z,,v3,,,,", ccc",,Undefined,WOR_PR1,55.3203,-124.75188,14.42418,6.26524,-8.5654,-6.42938,-0.48341,7.70505,-6.08243,,,,,,,,,,,,,,,,,,,,,,,,,,,,,,,,,,,,,,,,,,,,,,,,,,,High,,,,High,,,High
103,2023-01-17,17:00:24.44,4,1,"Vicente, Jhon",,Right,WOR_PR1,"Soriano, Adrian",,Right,WOR_PR1,Undefined,5,Top,1,0,0,Fastball,Four-Seam,InPlay,Undefined,LineDrive,Single,0,0,,84.37361,-2.492785,-1.758063,2150.173441,219.245335,1:15,6.24141,0.60725,5.24332,-19.81962,20.68643,15.76359,2.2445,0.26816,76.78097,-6.214969,1.037133,0.45807,79.50589,14.920757,8.773279,1379.526256,108.011,16.98572,20.82226,190.46159,187.55313,12.584498,2.157346,-8.40685,11.48422,-0.45801,50,5.99813,3.07136,-122.23554,-5.94085,-12.64864,25.34716,-14.89535,WOR_PR1,WOR_PR1,DRRangers2,TeamExclusive,Team,20230117-DRRangers2-Private-1,f6be00c0-96a9-11ed-a773-df94705731b4,82.28539,17.1282,,7.59264,,,,0.55397,2.17892,-0.30424,e7693d0c-839b-48c7-a917-db66df881d6b,2023-01-17,21:00:24.44,2023-01-17T17:00:24.4443312-04:00,2023-01-17T21:00:24.4443312Z,LineDrive,v3,,,,", ccc",,Undefined,WOR_PR1,55.25382,-123.32017,12.67358,6.23871,-5.30345,-7.44767,-0.60101,3.61261,-6.32432,225.968375,0.55396,111.35923,-16.86642,3.37112,-0.6014,0.05177,0.0101,-0.00392,0.00039,2.17893,30.02373,-15.75515,0.76231,-0.13523,0.07448,-0.03048,0.00708,-0.00063,-0.30423,17.18475,2.44783,-1.11072,0.24311,0.01638,-0.02908,0.00793,-0.00072,,,,,,,,,,,,,,,,,,,,,,,High,High,High,,High,,,High
104,2023-01-17,17:00:53.05,5,1,"Vicente, Jhon",,Right,WOR_PR1,"Guillen, Steven",,Left,WOR_PR1,Undefined,5,Top,1,0,0,Fastball,Four-Seam,FoulBall,Undefined,Undefined,Undefined,0,0,,85.8098,-3.878409,-2.065372,2191.027395,219.376623,1:15,6.21363,1.02717,5.21237,-18.82611,20.89237,15.91127,0.98985,0.41013,77.3975,-7.427523,0.754343,0.453594,,,,,,,,,,,,-8.67556,12.14658,-0.84903,50,5.84131,3.77675,-123.99876,-8.99793,-13.28592,28.58696,-13.57251,WOR_PR1,WOR_PR1,DRRangers2,TeamExclusive,Team,20230117-DRRangers2-Private-1,07c2d850-96aa-11ed-a773-df94705731b4,83.09722,,,8.4123,,,,,,,e7693d0c-839b-48c7-a917-db66df881d6b,2023-01-17,21:00:53.05,2023-01-17T17:00:53.0501808-04:00,2023-01-17T21:00:53.0501808Z,,v3,,,,", ccc",,Undefined,WOR_PR1,55.28463,-125.21116,14.29348,6.21071,-8.4223,-6.78625,-1.02115,4.34022,-6.64296,,,,,,,,,,,,,,,,,,,,,,,,,,,,,,,,,,,,,,,,,,,,,,,,,,,High,,,,High,,,High
105,2023-01-17,17:01:12.26,5,2,"Vicente, Jhon",,Right,WOR_PR1,"Guillen, Steven",,Left,WOR_PR1,Undefined,5,Top,1,0,1,Curveball,Slider,BallCalled,Undefined,Undefined,Undefined,0,0,,74.89847,2.015587,-0.556235,2462.515194,136.583844,10:30,6.03006,1.04597,4.86545,-47.61447,4.14693,-2.39752,3.97059,0.31975,68.63014,-6.621301,-0.978405,0.517815,,,,,,,,,,,,1.02803,1.97047,-0.98906,50,6.18825,1.15028,-108.59665,2.18671,1.22886,18.83979,-29.81861,WOR_PR1,WOR_PR1,DRRangers2,TeamExclusive,Team,20230117-DRRangers2-Private-1,133376e0-96aa-11ed-a773-df94705731b4,72.79138,,,6.26834,,,,,,,e7693d0c-839b-48c7-a917-db66df881d6b,2023-01-17,21:01:12.26,2023-01-17T17:01:12.2613424-04:00,2023-01-17T21:01:12.2613424Z,,v3,,,,", ccc",,Undefined,WOR_PR1,55.63213,-109.56938,9.41989,6.03561,3.72629,-14.9093,-1.04681,1.08683,0.61443,,,,,,,,,,,,,,,,,,,,,,,,,,,,,,,,,,,,,,,,,,,,,,,,,,,High,,,,High,,,High
106,2023-01-17,17:01:27.98,5,3,"Vicente, Jhon",,Right,WOR_PR1,"Guillen, Steven",,Left,WOR_PR1,Undefined,5,Top,1,1,1,Fastball,Changeup,BallCalled,Undefined,Undefined,Undefined,0,0,,83.86914,-2.353661,1.015422,2168.210838,219.144667,1:15,6.30264,0.75455,5.0057,-22.53753,18.54973,14.03737,2.20121,2.88292,76.963,-6.511886,3.492977,0.461344,,,,,,,,,,,,-6.67378,10.23611,-0.86389,50,6.05893,-2.77269,-121.58079,-5.75838,-10.00103,23.5774,-16.83464,WOR_PR1,WOR_PR1,DRRangers2,TeamExclusive,Team,20230117-DRRangers2-Private-1,1c961d00-96aa-11ed-a773-df94705731b4,81.70133,,,6.90614,,,,,,,e7693d0c-839b-48c7-a917-db66df881d6b,2023-01-17,21:01:27.98,2023-01-17T17:01:27.9853744-04:00,2023-01-17T21:01:27.9853744Z,,v3,,,,", ccc",,Undefined,WOR_PR1,55.49138,-122.64108,11.7887,6.30086,-5.00132,-8.41732,-0.74932,-2.32294,-5.00052,,,,,,,,,,,,,,,,,,,,,,,,,,,,,,,,,,,,,,,,,,,,,,,,,,,High,,,,High,,,High
107,2023-01-17,17:01:47.06,5,4,"Vicente, Jhon",,Right,WOR_PR1,"Guillen, Steven",,Left,WOR_PR1,Undefined,5,Top,1,2,1,Fastball,Four-Seam,InPlay,Undefined,GroundBall,Out,1,0,,84.95512,-2.556409,-2.349483,2135.337129,225.617255,1:30,6.20576,0.52337,5.07255,-21.69375,18.3893,17.43139,1.98421,-0.24028,77.61823,-6.584024,0.731017,0.455671,63.92514,-5.999241,20.763811,,,,,20.77111,20.77111,18.87663,0.187894,-9.45308,10.28579,-0.31533,50,5.94654,4.30214,-123.08456,-6.23327,-14.47063,24.919,-16.42867,WOR_PR1,WOR_PR1,DRRangers2,TeamExclusive,Team,20230117-DRRangers2-Private-1,27f2e570-96aa-11ed-a773-df94705731b4,82.71847,2.09065,,7.33689,,,,3.75086,2.09065,0.28233,e7693d0c-839b-48c7-a917-db66df881d6b,2023-01-17,21:01:47.06,2023-01-17T17:01:47.0679728-04:00,2023-01-17T21:01:47.0679728Z,GroundBall,v3,,,,", ccc",,Undefined,WOR_PR1,55.42722,-124.17847,12.4595,6.20434,-5.51208,-8.21433,-0.51813,4.93737,-7.23532,237.930991,3.75141,87.14868,-13.38888,,,,,,,2.0905,-9.78816,-7.11573,,,,,,,0.28179,33.09384,6.25131,,,,,,,,,,,,,,,,,,,,,,,,,,,,,High,Low,Low,,High,,,High
108,2023-01-17,17:02:13.67,6,1,"Vicente, Jhon",,Right,WOR_PR1,"Lara, Jorge",,Left,WOR_PR1,Undefined,5,Top,2,0,0,Curveball,Curveball,BallCalled,Undefined,Undefined,Undefined,0,0,,74.0189,2.070074,-1.804511,2543.008805,132.42238,10:30,6.11733,0.85654,4.55741,-45.75152,8.79835,-7.47398,4.27676,-1.48432,66.75153,-6.252861,-3.111019,0.531579,,,,,,,,,,,,3.03524,4.20461,-0.66169,50,6.29047,3.68209,-106.9757,2.28876,3.46505,21.0092,-27.37403,WOR_PR1,WOR_PR1,DRRangers2,TeamExclusive,Team,20230117-DRRangers2-Private-1,37d77ff0-96aa-11ed-a773-df94705731b4,70.9065,,,7.26737,,,,,,,e7693d0c-839b-48c7-a917-db66df881d6b,2023-01-17,21:02:13.67,2023-01-17T17:02:13.6725168-04:00,2023-01-17T21:02:13.6725168Z,,v3,,,,", ccc",,Undefined,WOR_PR1,55.93598,-108.1352,10.5046,6.12246,3.79953,-13.68701,-0.85963,3.49085,1.73252,,,,,,,,,,,,,,,,,,,,,,,,,,,,,,,,,,,,,,,,,,,,,,,,,,,High,,,,High,,,High
109,2023-01-17,17:02:30.26,6,2,"Vicente, Jhon",,Right,WOR_PR1,"Lara, Jorge",,Left,WOR_PR1,Undefined,5,Top,2,1,0,Fastball,Four-Seam,BallCalled,Undefined,Undefined,Undefined,0,0,,85.68892,-1.102,-0.996704,2283.084525,212.864503,1:00,6.27667,0.7602,5.08492,-17.38497,22.1517,13.42745,3.78894,0.93961,77.62102,-4.399571,1.377037,0.452555,,,,,,,,,,,,-6.92815,11.70473,-0.67683,50,6.15951,1.54842,-124.17572,-2.91752,-10.73394,26.66055,-14.03966,WOR_PR1,WOR_PR1,DRRangers2,TeamExclusive,Team,20230117-DRRangers2-Private-1,41af5610-96aa-11ed-a773-df94705731b4,83.28807,,,8.06789,,,,,,,e7693d0c-839b-48c7-a917-db66df881d6b,2023-01-17,21:02:30.26,2023-01-17T17:02:30.2625968-04:00,2023-01-17T21:02:30.2625968Z,,v3,,,,", ccc",,Undefined,WOR_PR1,55.41013,-125.33189,13.33028,6.27283,-2.30867,-7.01983,-0.75407,2.01391,-5.36697,,,,,,,,,,,,,,,,,,,,,,,,,,,,,,,,,,,,,,,,,,,,,,,,,,,High,,,,High,,,High
110,2023-01-17,17:02:46.68,6,3,"Vicente, Jhon",,Right,WOR_PR1,"Lara, Jorge",,Left,WOR_PR1,Undefined,5,Top,2,2,0,Fastball,Changeup,StrikeCalled,Undefined,Undefined,Undefined,0,0,,82.88078,-0.583397,-1.943434,2110.688119,219.106642,1:15,6.22907,0.62545,5.02075,-24.93112,17.51277,13.02638,3.60061,-0.12368,75.0305,-5.225243,0.355994,0.468899,,,,,,,,,,,,-7.02268,9.27815,-0.4503,50,6.15392,3.49805,-120.04246,-2.05515,-10.15374,25.21929,-18.75918,WOR_PR1,WOR_PR1,DRRangers2,TeamExclusive,Team,20230117-DRRangers2-Private-1,4b748e90-96aa-11ed-a773-df94705731b4,80.38505,,,7.85028,,,,,,,e7693d0c-839b-48c7-a917-db66df881d6b,2023-01-17,21:02:46.68,2023-01-17T17:02:46.6802864-04:00,2023-01-17T21:02:46.6802864Z,,v3,,,,", ccc",,Undefined,WOR_PR1,55.47441,-121.1871,12.60965,6.22788,-1.20372,-9.37959,-0.61952,3.9589,-5.07687,,,,,,,,,,,,,,,,,,,,,,,,,,,,,,,,,,,,,,,,,,,,,,,,,,,High,,,,High,,,High
111,2023-01-17,17:03:09.72,6,4,"Vicente, Jhon",,Right,WOR_PR1,"Lara, Jorge",,Left,WOR_PR1,Undefined,5,Top,2,2,1,Fastball,Four-Seam,BallCalled,Undefined,Undefined,Undefined,0,0,,85.15658,-2.061624,-3.650764,2076.718442,218.235461,1:15,6.18421,0.94683,5.37133,-22.07198,17.77147,12.87985,2.40722,-1.40728,77.09111,-6.201339,-1.366942,0.454307,,,,,,,,,,,,-7.52355,9.94477,-0.62846,50,5.98384,7.28861,-123.14788,-5.14209,-11.44555,26.59073,-17.04513,WOR_PR1,WOR_PR1,DRRangers2,TeamExclusive,Team,20230117-DRRangers2-Private-1,59302e90-96aa-11ed-a773-df94705731b4,82.96681,,,8.06547,,,,,,,e7693d0c-839b-48c7-a917-db66df881d6b,2023-01-17,21:03:09.72,2023-01-17T17:03:09.7215152-04:00,2023-01-17T21:03:09.7215152Z,,v3,,,,", ccc",,Undefined,WOR_PR1,55.12324,-124.24919,13.29536,6.18219,-4.43613,-8.52257,-0.94015,7.76265,-5.72277,,,,,,,,,,,,,,,,,,,,,,,,,,,,,,,,,,,,,,,,,,,,,,,,,,,High,,,,High,,,High
112,2023-01-17,17:03:24.41,6,5,"Vicente, Jhon",,Right,WOR_PR1,"Lara, Jorge",,Left,WOR_PR1,Undefined,5,Top,2,3,1,Fastball,Four-Seam,FoulBall,Undefined,Undefined,Undefined,0,0,,85.87099,-3.685071,-1.85441,2228.618371,221.212433,1:15,6.16531,0.77338,5.19656,-19.53442,19.62237,16.0271,1.06464,0.36409,78.43926,-7.326465,0.985613,0.450376,45.80447,-36.597774,92.095184,,,,,3.40758,3.20016,22.806644,0.031624,-8.6,11.26784,-0.6144,50,5.80908,3.33115,-124.30965,-8.64656,-13.41482,25.64821,-14.5978,WOR_PR1,WOR_PR1,DRRangers2,TeamExclusive,Team,20230117-DRRangers2-Private-1,61f4e700-96aa-11ed-a773-df94705731b4,83.69108,1.27216,,7.43173,,,,3.2038,1.27216,-0.39111,e7693d0c-839b-48c7-a917-db66df881d6b,2023-01-17,21:03:24.41,2023-01-17T17:03:24.4123824-04:00,2023-01-17T21:03:24.4123824Z,GroundBall,v3,,,,", ccc",,Undefined,WOR_PR1,55.3022,-125.39886,12.8241,6.16311,-8.02663,-7.2989,-0.76796,3.90084,-6.70741,,3.20384,-1.98051,,,,,,,,1.27306,-40.22841,,,,,,,,-0.39232,54.13578,,,,,,,,,,,,,,,,,,,,,,,,,,,,,,High,Low,Low,,High,,,High
113,2023-01-17,17:03:52.20,6,6,"Vicente, Jhon",,Right,WOR_PR1,"Lara, Jorge",,Left,WOR_PR1,Undefined,5,Top,2,3,2,ChangeUp,Changeup,StrikeSwinging,Strikeout,Undefined,Undefined,0,0,,81.16006,-0.851931,-2.921847,1765.79483,237.06557,2:00,6.10596,1.24462,5.2557,-29.78328,14.57387,19.87745,2.82246,0.1534,72.87429,-6.39964,0.60136,0.479351,,,,,,,,,,,,-10.81292,8.04666,-0.99167,50,6.00649,5.13637,-117.38654,-2.71876,-14.79788,26.19948,-21.16188,WOR_PR1,WOR_PR1,DRRangers2,TeamExclusive,Team,20230117-DRRangers2-Private-1,7286ff90-96aa-11ed-a773-df94705731b4,78.6323,,,8.28578,,,,,,,e7693d0c-839b-48c7-a917-db66df881d6b,2023-01-17,21:03:52.20,2023-01-17T17:03:52.2091184-04:00,2023-01-17T21:03:52.2091184Z,,v3,,,,", ccc",,Undefined,WOR_PR1,55.23824,-118.5499,13.09974,6.10635,-1.77909,-10.58094,-1.23433,5.79345,-7.39894,,,,,,,,,,,,,,,,,,,,,,,,,,,,,,,,,,,,,,,,,,,,,,,,,,,High,,,,High,,,High
114,2023-01-17,17:08:00.93,1,1,"Humbert, Josnayder",,Left,WOR_PR1,"Hilario, Cristopher",,Right,WOR_PR1,Undefined,6,Top,0,0,0,Fastball,Four-Seam,BallCalled,Undefined,Undefined,Undefined,0,0,,84.60441,-1.486817,-2.546701,2260.823571,184.203466,12:15,6.46476,-0.83219,5.00468,-19.74859,21.33513,1.45567,3.41386,-3.11644,76.11934,-5.21475,-2.290164,0.461324,,,,,,,,,,,,-1.5265,11.41997,1.07568,50,6.30675,5.37202,-122.30303,-3.78974,-2.2783,27.41418,-15.12983,WOR_PR1,WOR_PR1,DRRangers2,TeamExclusive,Team,20230117-DRRangers2-Private-1,06c289e0-96ab-11ed-a773-df94705731b4,81.70487,,,8.48507,,,,,,,e7693d0c-839b-48c7-a917-db66df881d6b,2023-01-17,21:08:00.93,2023-01-17T17:08:00.9330352-04:00,2023-01-17T21:08:00.9330352Z,,v3,,,,", ccc",,Undefined,WOR_PR1,55.48622,-123.52664,13.70709,6.46083,-3.11443,-7.56491,0.83364,5.47371,-1.13915,,,,,,,,,,,,,,,,,,,,,,,,,,,,,,,,,,,,,,,,,,,,,,,,,,,High,,,,High,,,High
115,2023-01-17,17:08:18.31,1,2,"Humbert, Josnayder",,Left,WOR_PR1,"Hilario, Cristopher",,Right,WOR_PR1,Undefined,6,Top,0,1,0,Fastball,Four-Seam,BallCalled,Undefined,Undefined,Undefined,0,0,,84.32435,-5.366603,1.641323,2135.282408,185.071732,12:15,6.48017,-0.74465,5.067,-20.07966,20.74155,1.72165,-0.27005,0.94679,77.55722,-9.059578,1.945635,0.459848,,,,,,,,,,,,-0.41638,12.22241,0.58734,50,5.95386,-3.5637,-121.81623,-12.10974,-0.62658,23.60446,-13.78177,WOR_PR1,WOR_PR1,DRRangers2,TeamExclusive,Team,20230117-DRRangers2-Private-1,112a1ce0-96ab-11ed-a773-df94705731b4,81.96718,,,6.76713,,,,,,,e7693d0c-839b-48c7-a917-db66df881d6b,2023-01-17,21:08:18.31,2023-01-17T17:08:18.3190192-04:00,2023-01-17T21:08:18.3190192Z,,v3,,,,", ccc",,Undefined,WOR_PR1,55.43173,-122.86424,11.80223,6.47793,-11.49785,-6.89089,0.74494,-3.53588,-0.31329,,,,,,,,,,,,,,,,,,,,,,,,,,,,,,,,,,,,,,,,,,,,,,,,,,,High,,,,High,,,High
116,2023-01-17,17:08:38.89,1,3,"Humbert, Josnayder",,Left,WOR_PR1,"Hilario, Cristopher",,Right,WOR_PR1,Undefined,6,Top,0,2,0,Fastball,Four-Seam,InPlay,Undefined,GroundBall,Out,1,0,,84.51362,-3.150293,-0.251027,2263.713051,173.96062,11:45,6.43002,-0.76181,5.27267,-20.46351,19.65371,-1.94126,1.76272,-1.15937,77.44913,-6.961409,-0.595631,0.455866,,,,,,,,,,,,0.9052,11.11182,0.78623,50,6.12745,0.61949,-122.48734,-7.39474,1.3758,24.09475,-15.28534,WOR_PR1,WOR_PR1,DRRangers2,TeamExclusive,Team,20230117-DRRangers2-Private-1,1d6b2ad0-96ab-11ed-a773-df94705731b4,82.68322,,,7.06449,,,,,,,e7693d0c-839b-48c7-a917-db66df881d6b,2023-01-17,21:08:38.89,2023-01-17T17:08:38.8991664-04:00,2023-01-17T21:08:38.8991664Z,,v3,,,,", ccc",,Undefined,WOR_PR1,55.22446,-123.51078,12.04738,6.42776,-6.74549,-7.64267,0.76116,0.56106,0.6879,,,,,,,,,,,,,,,,,,,,,,,,,,,,,,,,,,,,,,,,,,,,,,,,,,,High,,,,High,,,High
117,2023-01-17,17:08:59.30,2,1,"Humbert, Josnayder",,Left,WOR_PR1,"Chacon, Anderson",,Right,WOR_PR1,Undefined,6,Top,1,0,0,Curveball,Curveball,BallCalled,Undefined,Undefined,Undefined,0,0,,74.23115,2.186061,-1.304098,2042.385441,291.662496,3:45,6.37592,-0.88036,4.87562,-57.13932,-3.96355,14.52532,3.68432,-0.90408,67.57617,-8.14823,1.256288,0.524842,,,,,,,,,,,,-7.4576,-1.94945,0.99592,50,6.54308,1.85094,-107.52068,2.09362,-8.65391,20.16335,-34.43619,WOR_PR1,WOR_PR1,DRRangers2,TeamExclusive,Team,20230117-DRRangers2-Private-1,29a31100-96ab-11ed-a773-df94705731b4,71.81678,,,6.65498,,,,,,,e7693d0c-839b-48c7-a917-db66df881d6b,2023-01-17,21:08:59.30,2023-01-17T17:08:59.3017512-04:00,2023-01-17T21:08:59.3017512Z,,v3,,,,", ccc",,Undefined,WOR_PR1,55.62189,-108.56983,10.08168,6.38753,3.88543,-17.2181,0.8879,2.30123,-4.32696,,,,,,,,,,,,,,,,,,,,,,,,,,,,,,,,,,,,,,,,,,,,,,,,,,,High,,,,High,,,High
118,2023-01-17,17:09:18.39,2,2,"Humbert, Josnayder",,Left,WOR_PR1,"Chacon, Anderson",,Right,WOR_PR1,Undefined,6,Top,1,1,0,Fastball,Four-Seam,BallCalled,Undefined,Undefined,Undefined,0,0,,85.18433,-0.797728,-0.046006,2238.155211,177.420086,12:00,6.48612,-0.69848,5.14216,-20.08769,19.58237,-0.82413,4.06099,-0.81048,77.64498,-4.563111,-0.191877,0.453318,,,,,,,,,,,,0.39264,10.32363,0.70344,50,6.39645,0.13666,-123.53264,-2.36374,0.60615,24.81752,-16.23585,WOR_PR1,WOR_PR1,DRRangers2,TeamExclusive,Team,20230117-DRRangers2-Private-1,34ea55a0-96ab-11ed-a773-df94705731b4,83.14793,,,7.53935,,,,,,,e7693d0c-839b-48c7-a917-db66df881d6b,2023-01-17,21:09:18.39,2023-01-17T17:09:18.3935656-04:00,2023-01-17T21:09:18.3935656Z,,v3,,,,", ccc",,Undefined,WOR_PR1,55.35165,-124.60314,12.40876,6.48331,-1.66341,-8.11792,0.6981,0.11052,0.30308,,,,,,,,,,,,,,,,,,,,,,,,,,,,,,,,,,,,,,,,,,,,,,,,,,,High,,,,High,,,High
119,2023-01-17,17:09:36.21,2,3,"Humbert, Josnayder",,Left,WOR_PR1,"Chacon, Anderson",,Right,WOR_PR1,Undefined,6,Top,1,2,0,Fastball,Four-Seam,BallCalled,Undefined,Undefined,Undefined,0,0,,83.54279,-2.748834,0.047863,2204.333117,159.761874,11:15,6.38635,-0.7665,5.10181,-22.60167,19.25367,-6.53347,1.91077,-1.26585,75.56997,-6.966751,-1.108404,0.465636,,,,,,,,,,,,3.21843,10.84524,0.76714,50,6.10995,0.19412,-120.85796,-6.52833,4.70186,26.25184,-16.32994,WOR_PR1,WOR_PR1,DRRangers2,TeamExclusive,Team,20230117-DRRangers2-Private-1,3f8a36b0-96ab-11ed-a773-df94705731b4,80.94825,,,7.97282,,,,,,,e7693d0c-839b-48c7-a917-db66df881d6b,2023-01-17,21:09:36.21,2023-01-17T17:09:36.2175144-04:00,2023-01-17T21:09:36.2175144Z,,v3,,,,", ccc",,Undefined,WOR_PR1,55.39015,-122.02315,13.12592,6.38363,-5.80353,-8.16497,0.76316,-0.01457,2.35093,,,,,,,,,,,,,,,,,,,,,,,,,,,,,,,,,,,,,,,,,,,,,,,,,,,High,,,,High,,,High
120,2023-01-17,17:09:55.89,2,4,"Humbert, Josnayder",,Left,WOR_PR1,"Chacon, Anderson",,Right,WOR_PR1,Undefined,6,Top,1,3,0,Fastball,Four-Seam,StrikeSwinging,Undefined,Undefined,Undefined,0,0,,84.56138,-0.643509,0.291183,2330.669121,184.054105,12:15,6.36466,-0.72559,5.07972,-18.08595,22.41041,1.49165,4.25086,-0.3268,76.75674,-4.066873,0.554856,0.458015,,,,,,,,,,,,-0.64811,11.67229,0.69681,50,6.29015,-0.69067,-122.56958,-1.92226,-0.9813,25.28584,-14.50054,WOR_PR1,WOR_PR1,DRRangers2,TeamExclusive,Team,20230117-DRRangers2-Private-1,4b4b8d50-96ab-11ed-a773-df94705731b4,82.29523,,,7.80464,,,,,,,e7693d0c-839b-48c7-a917-db66df881d6b,2023-01-17,21:09:55.89,2023-01-17T17:09:55.8909096-04:00,2023-01-17T21:09:55.8909096Z,,v3,,,,", ccc",,Undefined,WOR_PR1,55.41373,-123.68138,12.64292,6.36066,-1.28469,-7.25027,0.72623,-0.64753,-0.49065,,,,,,,,,,,,,,,,,,,,,,,,,,,,,,,,,,,,,,,,,,,,,,,,,,,High,,,,High,,,High
121,2023-01-17,17:10:13.76,2,5,"Humbert, Josnayder",,Left,WOR_PR1,"Chacon, Anderson",,Right,WOR_PR1,Undefined,6,Top,1,3,1,Fastball,Four-Seam,StrikeSwinging,Undefined,Undefined,Undefined,0,0,,84.55151,-2.185179,0.542563,2156.88009,176.525104,12:00,6.51342,-0.67131,5.1597,-17.02674,23.54698,-1.34276,3.03664,-0.27251,76.59604,-5.423306,0.304834,0.458452,,,,,,,,,,,,0.82417,12.74686,0.62173,50,6.29702,-1.09867,-122.43592,-5.1591,1.24094,26.00374,-12.98188,WOR_PR1,WOR_PR1,DRRangers2,TeamExclusive,Team,20230117-DRRangers2-Private-1,55ee7ba0-96ab-11ed-a773-df94705731b4,82.21676,,,7.95547,,,,,,,e7693d0c-839b-48c7-a917-db66df881d6b,2023-01-17,21:10:13.76,2023-01-17T17:10:13.7607848-04:00,2023-01-17T21:10:13.7607848Z,,v3,,,,", ccc",,Undefined,WOR_PR1,55.33307,-123.5634,13.00187,6.50851,-4.59622,-6.49094,0.67053,-1.15248,0.62047,,,,,,,,,,,,,,,,,,,,,,,,,,,,,,,,,,,,,,,,,,,,,,,,,,,High,,,,High,,,High
122,2023-01-17,17:10:32.24,2,6,"Humbert, Josnayder",,Left,WOR_PR1,"Chacon, Anderson",,Right,WOR_PR1,Undefined,6,Top,1,3,2,Fastball,Four-Seam,BallCalled,Walk,Undefined,Undefined,0,0,,84.16662,-1.231297,-0.913236,2140.428162,150.711385,11:00,6.3576,-0.79731,4.89253,-23.14919,18.29261,-9.43406,3.26347,-2.4474,76.1335,-5.538422,-2.57493,0.46333,,,,,,,,,,,,4.30599,9.80166,0.89489,50,6.21835,2.38111,-121.83686,-3.40117,6.4032,26.32897,-17.59853,WOR_PR1,WOR_PR1,DRRangers2,TeamExclusive,Team,20230117-DRRangers2-Private-1,60fcfd00-96ab-11ed-a773-df94705731b4,81.35112,,,8.03312,,,,,,,e7693d0c-839b-48c7-a917-db66df881d6b,2023-01-17,21:10:32.24,2023-01-17T17:10:32.2444968-04:00,2023-01-17T21:10:32.2444968Z,,v3,,,,", ccc",,Undefined,WOR_PR1,55.59963,-123.04099,13.16449,6.3555,-2.59632,-8.79927,0.79269,2.08826,3.2016,,,,,,,,,,,,,,,,,,,,,,,,,,,,,,,,,,,,,,,,,,,,,,,,,,,High,,,,High,,,High
123,2023-01-17,17:10:57.94,3,1,"Humbert, Josnayder",,Left,WOR_PR1,"Castro, Rayniel",,Left,WOR_PR1,Undefined,6,Top,1,0,0,Fastball,Four-Seam,BallCalled,Undefined,Undefined,Undefined,0,0,,84.39642,-0.63031,1.933572,2332.02043,147.889232,11:00,6.53254,-0.65094,5.04122,-21.44745,19.6695,-11.3976,4.15031,0.22392,75.94992,-4.667463,-0.07871,0.461511,,,,,,,,,,,,6.18181,10.33859,0.47571,50,6.45609,-3.59664,-122.13117,-2.02977,9.2096,27.11605,-16.7717,WOR_PR1,WOR_PR1,DRRangers2,TeamExclusive,Team,20230117-DRRangers2-Private-1,704111c0-96ab-11ed-a773-df94705731b4,81.67184,,,8.4465,,,,,,,e7693d0c-839b-48c7-a917-db66df881d6b,2023-01-17,21:10:57.94,2023-01-17T17:10:57.9451560-04:00,2023-01-17T21:10:57.9451560Z,,v3,,,,", ccc",,Undefined,WOR_PR1,55.45078,-123.33543,13.55803,6.5297,-1.28491,-8.38585,0.64452,-4.00566,4.6048,,,,,,,,,,,,,,,,,,,,,,,,,,,,,,,,,,,,,,,,,,,,,,,,,,,High,,,,High,,,High
124,2023-01-17,17:11:15.18,3,2,"Humbert, Josnayder",,Left,WOR_PR1,"Castro, Rayniel",,Left,WOR_PR1,Undefined,6,Top,1,1,0,Fastball,Four-Seam,StrikeSwinging,Undefined,Undefined,Undefined,0,0,,84.01175,-3.191873,-0.151865,2331.040601,183.775037,12:15,6.53651,-0.42525,4.91145,-16.04091,25.5295,1.58563,2.17845,-0.43671,76.10454,-6.240716,0.127587,0.464049,,,,,,,,,,,,-0.82193,13.95497,0.4387,50,6.2122,0.24959,-121.51201,-7.2356,-1.21822,25.74062,-11.4908,WOR_PR1,WOR_PR1,DRRangers2,TeamExclusive,Team,20230117-DRRangers2-Private-1,7a8c6a30-96ab-11ed-a773-df94705731b4,81.22517,,,7.90722,,,,,,,e7693d0c-839b-48c7-a917-db66df881d6b,2023-01-17,21:11:15.18,2023-01-17T17:11:15.1882920-04:00,2023-01-17T21:11:15.1882920Z,,v3,,,,", ccc",,Undefined,WOR_PR1,55.58192,-122.68877,12.87031,6.53097,-6.71029,-5.7454,0.42602,0.30528,-0.60911,,,,,,,,,,,,,,,,,,,,,,,,,,,,,,,,,,,,,,,,,,,,,,,,,,,High,,,,High,,,High
125,2023-01-17,17:11:32.96,3,3,"Humbert, Josnayder",,Left,WOR_PR1,"Castro, Rayniel",,Left,WOR_PR1,Undefined,6,Top,1,1,1,Fastball,Cutter,FoulBall,Undefined,Undefined,Undefined,0,0,,83.57587,-2.372008,0.638138,2398.345668,191.839772,12:30,6.45568,-0.58947,5.04146,-18.68529,22.98643,4.51331,2.65961,0.38863,75.87296,-5.892598,1.435424,0.464614,62.9916,28.715144,-149.775969,4190.412488,,,,,23.93665,,,-2.04744,12.53883,0.52481,50,6.21535,-1.54635,-121.03424,-5.58602,-3.01394,25.31151,-13.71638,WOR_PR1,WOR_PR1,DRRangers2,TeamExclusive,Team,20230117-DRRangers2-Private-1,85271b20-96ab-11ed-a773-df94705731b4,81.12638,14.30033,,7.70291,,,,0.47731,2.78895,-0.57004,e7693d0c-839b-48c7-a917-db66df881d6b,2023-01-17,21:11:32.96,2023-01-17T17:11:32.9607336-04:00,2023-01-17T21:11:32.9607336Z,,v3,,,,", ccc",,Undefined,WOR_PR1,55.45396,-122.16949,12.65576,6.45209,-4.97083,-6.85819,0.59113,-1.41117,-1.50697,55.79955,0.47748,-70.01893,3.1877,,,,,,,2.79137,44.28241,-21.26876,,,,,,,-0.57197,-40.70269,7.15911,,,,,,,,,,,,,,,,,,,,,,,,,,,,,High,High,Low,,High,,,High
126,2023-01-17,17:11:55.42,3,4,"Humbert, Josnayder",,Left,WOR_PR1,"Castro, Rayniel",,Left,WOR_PR1,Undefined,6,Top,1,1,2,Curveball,Curveball,BallCalled,Undefined,Undefined,Undefined,0,0,,69.19029,4.263235,-3.305543,2221.958301,305.184589,4:15,6.27911,-0.8207,5.05223,-74.60398,-13.02808,21.65867,4.09702,-2.13681,62.48599,-9.237491,0.515104,0.564777,,,,,,,,,,,,-11.6202,-6.94091,1.1181,50,6.62763,4.94164,-99.92405,5.01374,-11.54972,18.64636,-39.07285,WOR_PR1,WOR_PR1,DRRangers2,TeamExclusive,Team,20230117-DRRangers2-Private-1,929696f0-96ab-11ed-a773-df94705731b4,66.73866,,,6.7043,,,,,,,e7693d0c-839b-48c7-a917-db66df881d6b,2023-01-17,21:11:55.42,2023-01-17T17:11:55.4225832-04:00,2023-01-17T21:11:55.4225832Z,,v3,,,,", ccc",,Undefined,WOR_PR1,55.44938,-100.9358,9.32318,6.29807,7.13385,-19.53643,0.83297,5.56833,-5.77486,,,,,,,,,,,,,,,,,,,,,,,,,,,,,,,,,,,,,,,,,,,,,,,,,,,High,,,,High,,,High
127,2023-01-17,17:12:14.05,3,5,"Humbert, Josnayder",,Left,WOR_PR1,"Castro, Rayniel",,Left,WOR_PR1,Undefined,6,Top,1,2,2,Curveball,Curveball,FoulBall,Undefined,Undefined,Undefined,0,0,,69.9823,-0.018927,-0.543851,2177.393312,305.688532,4:15,6.27102,-0.94052,5.25155,-68.46453,-9.88335,16.32942,0.54785,-0.09077,64.91914,-12.330409,2.367864,0.550872,,,,,,,,,,,,-8.41607,-4.5254,0.97758,50,6.21781,0.39723,-101.66404,-2.16836,-8.75514,17.60305,-36.88177,WOR_PR1,WOR_PR1,DRRangers2,TeamExclusive,Team,20230117-DRRangers2-Private-1,9dbdd070-96ab-11ed-a773-df94705731b4,68.42326,,,5.06316,,,,,,,e7693d0c-839b-48c7-a917-db66df881d6b,2023-01-17,21:12:14.05,2023-01-17T17:12:14.0545704-04:00,2023-01-17T21:12:14.0545704Z,,v3,,,,", ccc",,Undefined,WOR_PR1,55.25173,-102.56934,8.80153,6.28055,-0.27157,-18.44089,0.94557,0.8475,-4.37757,,,,,,,,,,,,,,,,,,,,,,,,,,,,,,,,,,,,,,,,,,,,,,,,,,,High,,,,High,,,High
128,2023-01-17,17:12:48.91,3,6,"Humbert, Josnayder",,Left,WOR_PR1,"Castro, Rayniel",,Left,WOR_PR1,Undefined,6,Top,1,2,2,Curveball,Four-Seam,StrikeSwinging,Strikeout,Undefined,Undefined,0,0,,83.01822,-3.143647,1.022037,2289.679332,177.474425,12:00,6.49416,-0.55666,5.45819,-19.59505,21.97757,-0.90567,1.91524,0.32464,75.56826,-6.838477,0.860786,0.464061,,,,,,,,,,,,0.75689,12.41532,0.46724,50,6.2039,-2.10683,-120.22743,-7.17011,1.10096,24.65868,-14.1146,WOR_PR1,WOR_PR1,DRRangers2,TeamExclusive,Team,20230117-DRRangers2-Private-1,b26682b0-96ab-11ed-a773-df94705731b4,81.22301,,,7.44996,,,,,,,e7693d0c-839b-48c7-a917-db66df881d6b,2023-01-17,21:12:48.91,2023-01-17T17:12:48.9188008-04:00,2023-01-17T21:12:48.9188008Z,,v3,,,,", ccc",,Undefined,WOR_PR1,55.03677,-121.25607,12.32934,6.49072,-6.58131,-7.0573,0.55609,-2.15275,0.55048,,,,,,,,,,,,,,,,,,,,,,,,,,,,,,,,,,,,,,,,,,,,,,,,,,,High,,,,High,,,High
129,2023-01-17,17:15:05.05,1,1,"Mariano, Raymond",,Right,WOR_PR1,"Almanzar, Yariel",,Right,WOR_PR1,Undefined,7,Top,0,0,0,Fastball,Four-Seam,BallCalled,Undefined,Undefined,Undefined,0,0,,86.83596,-0.37289,-0.306622,2164.930529,180.318661,12:00,6.43498,-0.92702,5.21559,-18.49151,20.04103,0.1037,4.5434,-1.20669,78.14512,-3.886215,-0.288245,0.446771,,,,,,,,,,,,-0.14866,10.47823,0.95525,50,6.38735,0.66831,-125.77635,-1.38787,-0.23489,28.78769,-15.61991,WOR_PR1,WOR_PR1,DRRangers2,TeamExclusive,Team,20230117-DRRangers2-Private-1,03976c30-96ac-11ed-a773-df94705731b4,84.3663,,,8.69084,,,,,,,e7693d0c-839b-48c7-a917-db66df881d6b,2023-01-17,21:15:05.05,2023-01-17T17:15:05.0562728-04:00,2023-01-17T21:15:05.0562728Z,,v3,,,,", ccc",,Undefined,WOR_PR1,55.27678,-126.97836,14.39385,6.43168,-0.73568,-7.80996,0.92714,0.67811,-0.11744,,,,,,,,,,,,,,,,,,,,,,,,,,,,,,,,,,,,,,,,,,,,,,,,,,,High,,,,High,,,High
130,2023-01-17,17:15:19.45,1,2,"Mariano, Raymond",,Right,WOR_PR1,"Almanzar, Yariel",,Right,WOR_PR1,Undefined,7,Top,0,1,0,Fastball,Four-Seam,BallCalled,Undefined,Undefined,Undefined,0,0,,86.70109,-1.405982,-1.129098,2189.773941,184.083571,12:15,6.40481,-0.78343,5.07145,-18.35442,20.43414,1.35992,3.54921,-1.73474,78.30951,-4.873547,-0.888778,0.448253,,,,,,,,,,,,-1.01929,10.94965,0.88943,50,6.2577,2.41117,-125.54417,-3.66352,-1.609,28.00684,-14.88923,WOR_PR1,WOR_PR1,DRRangers2,TeamExclusive,Team,20230117-DRRangers2-Private-1,0c262080-96ac-11ed-a773-df94705731b4,84.08744,,,8.39157,,,,,,,e7693d0c-839b-48c7-a917-db66df881d6b,2023-01-17,21:15:19.45,2023-01-17T17:15:19.4503848-04:00,2023-01-17T21:15:19.4503848Z,,v3,,,,", ccc",,Undefined,WOR_PR1,55.42195,-126.74794,14.00342,6.40141,-3.02356,-7.44461,0.78431,2.48033,-0.8045,,,,,,,,,,,,,,,,,,,,,,,,,,,,,,,,,,,,,,,,,,,,,,,,,,,High,,,,High,,,High
131,2023-01-17,17:15:36.59,1,3,"Mariano, Raymond",,Right,WOR_PR1,"Almanzar, Yariel",,Right,WOR_PR1,Undefined,7,Top,0,2,0,Fastball,Four-Seam,BallCalled,Undefined,Undefined,Undefined,0,0,,86.8102,-0.587145,0.353682,2142.412876,181.803845,12:00,6.39868,-0.76975,5.19601,-16.74103,21.64682,0.6398,4.45129,-0.38375,78.50715,-3.777001,0.467016,0.445932,,,,,,,,,,,,-0.20866,11.31312,0.73648,50,6.33223,-0.80616,-125.80731,-1.78636,-0.33159,27.53339,-14.19553,WOR_PR1,WOR_PR1,DRRangers2,TeamExclusive,Team,20230117-DRRangers2-Private-1,165628c0-96ac-11ed-a773-df94705731b4,84.52512,,,8.30305,,,,,,,e7693d0c-839b-48c7-a917-db66df881d6b,2023-01-17,21:15:36.59,2023-01-17T17:15:36.5939368-04:00,2023-01-17T21:15:36.5939368Z,,v3,,,,", ccc",,Undefined,WOR_PR1,55.29718,-126.96132,13.76669,6.39463,-1.19137,-7.09777,0.76998,-0.79226,-0.1658,,,,,,,,,,,,,,,,,,,,,,,,,,,,,,,,,,,,,,,,,,,,,,,,,,,High,,,,High,,,High
132,2023-01-17,17:15:52.63,1,4,"Mariano, Raymond",,Right,WOR_PR1,"Almanzar, Yariel",,Right,WOR_PR1,Undefined,7,Top,0,3,0,Fastball,Four-Seam,InPlay,Undefined,FlyBall,Out,1,0,,86.57333,-2.116987,0.037413,2134.627875,185.790535,12:15,6.3071,-0.45458,5.1816,-19.67308,18.72828,1.77075,2.67497,-0.27181,79.00378,-5.793732,0.351167,0.44601,86.88308,47.396963,-9.824821,4918.790998,108.4162,104.3584,-18.59691,269.85498,269.85498,-11.263918,5.90808,-0.87756,10.3367,0.44968,50,6.09596,-0.15999,-125.5312,-5.29105,-1.39672,26.01661,-15.72221,WOR_PR1,WOR_PR1,DRRangers2,TeamExclusive,Team,20230117-DRRangers2-Private-1,1ff6c240-96ac-11ed-a773-df94705731b4,84.5103,124.2498,,7.56955,,,,1.94333,2.60094,0.28165,e7693d0c-839b-48c7-a917-db66df881d6b,2023-01-17,21:15:52.63,2023-01-17T17:15:52.6327464-04:00,2023-01-17T21:15:52.6327464Z,FlyBall,v3,,,,", ccc",,Undefined,WOR_PR1,55.31574,-126.62811,13.0083,6.30507,-4.62818,-7.86111,0.45518,-0.1011,-0.69836,179.20798,1.95104,84.84603,-16.06777,2.83332,-0.11556,-0.10162,0.02788,-0.00301,0.00012,2.59529,93.89748,-22.72944,3.10302,-0.87376,0.18653,-0.02402,0.0016,-4E-05,0.28054,-14.69312,2.60135,-0.45942,0.0004,0.02282,-0.00583,0.00064,-3E-05,,,,,,,,,,,,,,,,,,,,,,,High,High,Medium,,High,,,High
133,2023-01-17,17:16:22.63,2,1,"Mariano, Raymond",,Right,WOR_PR1,"Valdez, Moises",,Left,WOR_PR1,Undefined,7,Top,1,0,0,Fastball,Four-Seam,BallCalled,Undefined,Undefined,Undefined,0,0,,87.2849,-0.922851,1.274072,2152.970862,181.026709,12:00,6.3627,-0.77864,5.39369,-17.0156,20.59836,0.34626,4.07958,0.44443,79.17749,-4.159595,1.335612,0.441414,,,,,,,,,,,,0.20469,10.97221,0.66469,50,6.26882,-2.83005,-126.54933,-2.54494,0.32981,27.3508,-14.49342,WOR_PR1,WOR_PR1,DRRangers2,TeamExclusive,Team,20230117-DRRangers2-Private-1,31d5cd30-96ac-11ed-a773-df94705731b4,85.39025,,,8.10741,,,,,,,e7693d0c-839b-48c7-a917-db66df881d6b,2023-01-17,21:16:22.63,2023-01-17T17:16:22.6305704-04:00,2023-01-17T21:16:22.6305704Z,,v3,,,,", ccc",,Undefined,WOR_PR1,55.10089,-127.64702,13.6754,6.35928,-1.96327,-7.24671,0.77854,-2.84329,0.1649,,,,,,,,,,,,,,,,,,,,,,,,,,,,,,,,,,,,,,,,,,,,,,,,,,,High,,,,High,,,High
134,2023-01-17,17:16:37.75,2,2,"Mariano, Raymond",,Right,WOR_PR1,"Valdez, Moises",,Left,WOR_PR1,Undefined,7,Top,1,1,0,Curveball,Changeup,BallCalled,Undefined,Undefined,Undefined,0,0,,76.88788,-1.351664,3.128638,2189.419977,178.119123,12:00,6.37076,-0.62019,4.93132,-26.01946,23.52096,-0.71551,2.92269,2.28043,69.84834,-6.193962,3.002836,0.506584,,,,,,,,,,,,1.3139,12.59398,0.31613,50,6.21869,-6.05326,-111.25946,-3.42951,1.63182,21.66938,-16.53252,WOR_PR1,WOR_PR1,DRRangers2,TeamExclusive,Team,20230117-DRRangers2-Private-1,3aeac880-96ac-11ed-a773-df94705731b4,74.40514,,,7.03954,,,,,,,e7693d0c-839b-48c7-a917-db66df881d6b,2023-01-17,21:16:37.75,2023-01-17T17:16:37.7536168-04:00,2023-01-17T21:16:37.7536168Z,,v3,,,,", ccc",,Undefined,WOR_PR1,55.56671,-112.33843,10.83469,6.36896,-2.60632,-8.26626,0.61956,-6.13451,0.81591,,,,,,,,,,,,,,,,,,,,,,,,,,,,,,,,,,,,,,,,,,,,,,,,,,,High,,,,High,,,High
135,2023-01-17,17:17:03.17,2,3,"Mariano, Raymond",,Right,WOR_PR1,"Valdez, Moises",,Left,WOR_PR1,Undefined,7,Top,1,2,0,Fastball,Four-Seam,FoulBall,Undefined,Undefined,Undefined,0,0,,85.34133,-1.379068,1.137802,2083.533165,178.6353,12:00,6.31934,-0.66569,5.2231,-20.27446,18.97926,-0.42287,3.33278,0.36891,78.19534,-5.16461,1.062858,0.450933,,,,,,,,,,,,0.52098,10.2441,0.5611,50,6.1775,-2.44144,-123.84248,-3.64459,0.81104,24.1703,-16.2261,WOR_PR1,WOR_PR1,DRRangers2,TeamExclusive,Team,20230117-DRRangers2-Private-1,4a0423c0-96ac-11ed-a773-df94705731b4,83.58769,,,7.14598,,,,,,,e7693d0c-839b-48c7-a917-db66df881d6b,2023-01-17,21:17:03.17,2023-01-17T17:17:03.1709864-04:00,2023-01-17T21:17:03.1709864Z,,v3,,,,", ccc",,Undefined,WOR_PR1,55.27483,-124.86772,12.08515,6.31749,-2.95632,-8.11305,0.66539,-2.47584,0.40552,,,,,,,,,,,,,,,,,,,,,,,,,,,,,,,,,,,,,,,,,,,,,,,,,,,High,,,,High,,,High
136,2023-01-17,17:17:56.82,2,4,"Mariano, Raymond",,Right,WOR_PR1,"Valdez, Moises",,Left,WOR_PR1,Undefined,7,Top,1,2,1,Curveball,Curveball,StrikeCalled,Undefined,Undefined,Undefined,0,0,,74.28502,2.483836,0.943677,2278.349498,319.041339,4:45,6.2209,-1.20601,4.67209,-59.60098,-7.20748,7.48587,3.615,0.31416,69.07494,-8.172874,2.257778,0.520967,,,,,,,,,,,,-3.44343,-3.70799,1.10273,50,6.41928,-2.07611,-107.85758,2.53627,-4.10806,16.5169,-36.59777,WOR_PR1,WOR_PR1,DRRangers2,TeamExclusive,Team,20230117-DRRangers2-Private-1,69f74ef0-96ac-11ed-a773-df94705731b4,72.35094,,,5.21008,,,,,,,e7693d0c-839b-48c7-a917-db66df881d6b,2023-01-17,21:17:56.82,2023-01-17T17:17:56.8218792-04:00,2023-01-17T21:17:56.8218792Z,,v3,,,,", ccc",,Undefined,WOR_PR1,55.83029,-108.74674,8.25845,6.22972,4.50646,-18.29889,1.20854,-1.85495,-2.05403,,,,,,,,,,,,,,,,,,,,,,,,,,,,,,,,,,,,,,,,,,,,,,,,,,,High,,,,High,,,High
137,2023-01-17,17:18:12.98,2,5,"Mariano, Raymond",,Right,WOR_PR1,"Valdez, Moises",,Left,WOR_PR1,Undefined,7,Top,1,2,2,Fastball,Four-Seam,StrikeSwinging,Strikeout,Undefined,Undefined,0,0,,87.6395,-1.227637,0.213038,2153.029612,178.962005,12:00,6.37025,-0.41451,5.1782,-17.06454,20.48859,-0.34831,3.7929,-0.24308,79.61623,-4.455897,0.151346,0.441057,,,,,,,,,,,,0.23492,10.92398,0.39497,50,6.24372,-0.45645,-127.06173,-3.25746,0.38219,27.19399,-14.40048,WOR_PR1,WOR_PR1,DRRangers2,TeamExclusive,Team,20230117-DRRangers2-Private-1,739d3fa0-96ac-11ed-a773-df94705731b4,85.45941,,,8.02328,,,,,,,e7693d0c-839b-48c7-a917-db66df881d6b,2023-01-17,21:18:12.98,2023-01-17T17:18:12.9815208-04:00,2023-01-17T21:18:12.9815208Z,,v3,,,,", ccc",,Undefined,WOR_PR1,55.3168,-128.19459,13.597,6.36693,-2.65756,-7.20024,0.41432,-0.47237,0.1911,,,,,,,,,,,,,,,,,,,,,,,,,,,,,,,,,,,,,,,,,,,,,,,,,,,High,,,,High,,,High
138,2023-01-17,17:18:33.55,3,1,"Mariano, Raymond",,Right,WOR_PR1,"Colina, Optiel",,Right,WOR_PR1,Undefined,7,Top,2,0,0,Curveball,Curveball,StrikeCalled,Undefined,Undefined,Undefined,0,0,,71.04776,2.086777,0.786977,2171.813763,298.808692,4:00,6.20618,-0.97871,5.14702,-61.43511,-5.23103,12.23599,3.05228,0.78192,66.30929,-8.983911,2.954872,0.539579,,,,,,,,,,,,-5.91189,-2.63874,0.8953,50,6.35368,-1.86325,-103.26242,1.78053,-6.46525,15.12895,-35.05979,WOR_PR1,WOR_PR1,DRRangers2,TeamExclusive,Team,20230117-DRRangers2-Private-1,7fea5b80-96ac-11ed-a773-df94705731b4,69.85523,,,4.73848,,,,,,,e7693d0c-839b-48c7-a917-db66df881d6b,2023-01-17,21:18:33.55,2023-01-17T17:18:33.5524008-04:00,2023-01-17T21:18:33.5524008Z,,v3,,,,", ccc",,Undefined,WOR_PR1,55.3555,-104.0441,7.56448,6.21489,3.59198,-17.5299,0.98294,-1.52921,-3.23262,,,,,,,,,,,,,,,,,,,,,,,,,,,,,,,,,,,,,,,,,,,,,,,,,,,High,,,,High,,,High
139,2023-01-17,17:18:52.20,3,2,"Mariano, Raymond",,Right,WOR_PR1,"Colina, Optiel",,Right,WOR_PR1,Undefined,7,Top,2,0,1,Fastball,Four-Seam,StrikeSwinging,Undefined,Undefined,Undefined,0,0,,86.83243,-2.407704,0.102115,2159.874936,183.601392,12:00,6.34193,-0.62427,4.78123,-16.42855,22.32659,1.32425,2.68938,-0.41713,79.18836,-5.491903,0.334962,0.44806,,,,,,,,,,,,-0.61992,12.01339,0.61285,50,6.08789,-0.28657,-125.78308,-5.82445,-0.99205,25.77312,-12.9487,WOR_PR1,WOR_PR1,DRRangers2,TeamExclusive,Team,20230117-DRRangers2-Private-1,8af867b0-96ac-11ed-a773-df94705731b4,84.12367,,,7.64408,,,,,,,e7693d0c-839b-48c7-a917-db66df881d6b,2023-01-17,21:18:52.20,2023-01-17T17:18:52.2096808-04:00,2023-01-17T21:18:52.2096808Z,,v3,,,,", ccc",,Undefined,WOR_PR1,55.71432,-126.94855,12.88656,6.33804,-5.2389,-6.47435,0.6248,-0.24171,-0.49602,,,,,,,,,,,,,,,,,,,,,,,,,,,,,,,,,,,,,,,,,,,,,,,,,,,High,,,,High,,,High
140,2023-01-17,17:19:09.96,3,3,"Mariano, Raymond",,Right,WOR_PR1,"Colina, Optiel",,Right,WOR_PR1,Undefined,7,Top,2,0,2,Curveball,Curveball,BallCalled,Undefined,Undefined,Undefined,0,0,,73.13788,0.275674,0.744474,2171.028382,313.000405,4:30,6.21923,-0.98453,4.67588,-64.1248,-9.11544,11.70414,1.13733,0.69788,67.35199,-11.172967,2.80614,0.533814,,,,,,,,,,,,-5.52154,-4.03969,0.89757,50,6.18895,-1.84127,-106.06877,-1.75619,-6.23786,19.55552,-36.73782,WOR_PR1,WOR_PR1,DRRangers2,TeamExclusive,Team,20230117-DRRangers2-Private-1,9596c220-96ac-11ed-a773-df94705731b4,70.60972,,,5.78589,,,,,,,e7693d0c-839b-48c7-a917-db66df881d6b,2023-01-17,21:19:09.96,2023-01-17T17:19:09.9681960-04:00,2023-01-17T21:19:09.9681960Z,,v3,,,,", ccc",,Undefined,WOR_PR1,55.82513,-107.13735,9.77776,6.23007,0.25128,-18.36891,0.98887,-1.50041,-3.11893,,,,,,,,,,,,,,,,,,,,,,,,,,,,,,,,,,,,,,,,,,,,,,,,,,,High,,,,High,,,High
141,2023-01-17,17:19:28.67,3,4,"Mariano, Raymond",,Right,WOR_PR1,"Colina, Optiel",,Right,WOR_PR1,Undefined,7,Top,2,1,2,Slider,Slider,BallCalled,Undefined,Undefined,Undefined,0,0,,77.50995,-2.341863,1.495381,2087.012164,179.794693,12:00,6.40625,-0.55814,4.96911,-34.63403,13.61859,-0.04319,1.30603,0.85108,71.28552,-8.642236,1.487754,0.499956,,,,,,,,,,,,0.43665,7.86709,0.41364,50,6.15182,-2.92995,-112.30332,-5.75818,0.5577,20.31705,-22.12592,WOR_PR1,WOR_PR1,DRRangers2,TeamExclusive,Team,20230117-DRRangers2-Private-1,a0b76bf0-96ac-11ed-a773-df94705731b4,75.3915,,,6.22443,,,,,,,e7693d0c-839b-48c7-a917-db66df881d6b,2023-01-17,21:19:28.67,2023-01-17T17:19:28.6714536-04:00,2023-01-17T21:19:28.6714536Z,,v3,,,,", ccc",,Undefined,WOR_PR1,55.52717,-113.29884,10.15853,6.40741,-4.67402,-11.06296,0.55787,-2.95728,0.27885,,,,,,,,,,,,,,,,,,,,,,,,,,,,,,,,,,,,,,,,,,,,,,,,,,,High,,,,High,,,High
142,2023-01-17,17:20:08.18,3,5,"Mariano, Raymond",,Right,WOR_PR1,"Colina, Optiel",,Right,WOR_PR1,Undefined,7,Top,2,2,2,Fastball,Four-Seam,BallCalled,Undefined,Undefined,Undefined,0,0,,86.50149,-3.521317,0.835025,2127.1609,180.581195,12:00,6.32671,-0.42536,5.0372,-19.43824,19.26162,0.18248,1.38035,0.37766,79.19693,-7.127616,0.867273,0.44774,,,,,,,,,,,,0.14106,10.91028,0.3455,50,5.97523,-1.83369,-125.24294,-8.36082,0.22409,25.22647,-14.83975,WOR_PR1,WOR_PR1,DRRangers2,TeamExclusive,Team,20230117-DRRangers2-Private-1,b83b78c0-96ac-11ed-a773-df94705731b4,84.18371,,,7.30456,,,,,,,e7693d0c-839b-48c7-a917-db66df881d6b,2023-01-17,21:20:08.18,2023-01-17T17:20:08.1884840-04:00,2023-01-17T21:20:08.1884840Z,,v3,,,,", ccc",,Undefined,WOR_PR1,55.45894,-126.3377,12.61324,6.32409,-7.71682,-7.41987,0.42529,-1.84342,0.11205,,,,,,,,,,,,,,,,,,,,,,,,,,,,,,,,,,,,,,,,,,,,,,,,,,,High,,,,High,,,High
143,2023-01-17,17:20:27.06,3,6,"Mariano, Raymond",,Right,WOR_PR1,"Colina, Optiel",,Right,WOR_PR1,Undefined,7,Top,2,3,2,Curveball,Curveball,BallCalled,Walk,Undefined,Undefined,0,0,,72.44871,0.844917,0.376834,2244.486816,318.167342,4:30,6.24033,-0.85891,4.60941,-66.25196,-10.53268,10.93079,1.52281,0.4103,67.20006,-10.952749,2.299747,0.537247,,,,,,,,,,,,-5.2587,-4.92122,0.80942,50,6.26538,-1.11988,-105.17526,-0.79189,-5.89325,17.757,-37.6891,WOR_PR1,WOR_PR1,DRRangers2,TeamExclusive,Team,20230117-DRRangers2-Private-1,c3815dd0-96ac-11ed-a773-df94705731b4,70.15846,,,5.24865,,,,,,,e7693d0c-839b-48c7-a917-db66df881d6b,2023-01-17,21:20:27.06,2023-01-17T17:20:27.0679208-04:00,2023-01-17T21:20:27.0679208Z,,v3,,,,", ccc",,Undefined,WOR_PR1,55.89332,-106.16558,8.8785,6.25093,1.31006,-18.84455,0.86271,-0.79121,-2.94662,,,,,,,,,,,,,,,,,,,,,,,,,,,,,,,,,,,,,,,,,,,,,,,,,,,High,,,,High,,,High
144,2023-01-17,17:20:52.17,4,1,"Mariano, Raymond",,Right,WOR_PR1,"Chacon, Anderson",,Right,WOR_PR1,Undefined,7,Top,2,0,0,Fastball,Four-Seam,BallCalled,Undefined,Undefined,Undefined,0,0,,85.66679,-4.617918,0.946287,2090.091489,183.179353,12:00,6.3281,-0.40069,5.1019,-19.22375,20.19025,1.04969,0.36481,0.57851,78.63874,-8.17493,1.132022,0.451852,,,,,,,,,,,,-0.26571,11.72638,0.31055,50,5.87717,-2.09254,-123.91702,-10.64462,-0.41362,24.50864,-13.92083,WOR_PR1,WOR_PR1,DRRangers2,TeamExclusive,Team,20230117-DRRangers2-Private-1,d277c7c0-96ac-11ed-a773-df94705731b4,83.41761,,,7.02806,,,,,,,e7693d0c-839b-48c7-a917-db66df881d6b,2023-01-17,21:20:52.17,2023-01-17T17:20:52.1765544-04:00,2023-01-17T21:20:52.1765544Z,,v3,,,,", ccc",,Undefined,WOR_PR1,55.39598,-124.97969,12.25432,6.32563,-10.04103,-6.96041,0.4009,-2.07461,-0.20681,,,,,,,,,,,,,,,,,,,,,,,,,,,,,,,,,,,,,,,,,,,,,,,,,,,High,,,,High,,,High
145,2023-01-17,17:21:10.64,4,2,"Mariano, Raymond",,Right,WOR_PR1,"Chacon, Anderson",,Right,WOR_PR1,Undefined,7,Top,2,1,0,Fastball,Four-Seam,BallCalled,Undefined,Undefined,Undefined,0,0,,87.39068,-1.220968,2.585757,2112.152851,179.996173,12:00,6.39015,-0.63982,5.28686,-17.74466,19.70848,-0.00122,3.76357,1.78983,79.89842,-4.557959,2.585538,0.440469,,,,,,,,,,,,0.71835,10.61418,0.40412,50,6.26648,-5.7234,-126.73548,-3.27719,1.16856,25.85288,-14.90742,WOR_PR1,WOR_PR1,DRRangers2,TeamExclusive,Team,20230117-DRRangers2-Private-1,dd81dc50-96ac-11ed-a773-df94705731b4,85.57339,,,7.49226,,,,,,,e7693d0c-839b-48c7-a917-db66df881d6b,2023-01-17,21:21:10.64,2023-01-17T17:21:10.6411176-04:00,2023-01-17T21:21:10.6411176Z,,v3,,,,", ccc",,Undefined,WOR_PR1,55.21232,-127.79432,12.92644,6.3882,-2.66663,-7.45371,0.63951,-5.77126,0.58428,,,,,,,,,,,,,,,,,,,,,,,,,,,,,,,,,,,,,,,,,,,,,,,,,,,High,,,,High,,,High
146,2023-01-17,17:21:30.73,4,3,"Mariano, Raymond",,Right,WOR_PR1,"Chacon, Anderson",,Right,WOR_PR1,Undefined,7,Top,2,2,0,Fastball,Four-Seam,FoulBall,Undefined,Undefined,Undefined,0,0,,86.94805,-2.742287,1.234584,2158.119647,179.081515,12:00,6.26967,-0.56683,5.29681,-16.59619,21.25663,-0.3211,2.30947,0.56568,79.54035,-5.870721,1.177601,0.442813,,,,,,,,,,,,0.50587,11.81902,0.45482,50,6.00866,-2.70285,-126.06001,-6.5559,0.81395,25.64024,-13.15681,WOR_PR1,WOR_PR1,DRRangers2,TeamExclusive,Team,20230117-DRRangers2-Private-1,e97c4450-96ac-11ed-a773-df94705731b4,85.12041,,,7.40769,,,,,,,e7693d0c-839b-48c7-a917-db66df881d6b,2023-01-17,21:21:30.73,2023-01-17T17:21:30.7345064-04:00,2023-01-17T21:21:30.7345064Z,,v3,,,,", ccc",,Undefined,WOR_PR1,55.2016,-127.1136,12.82012,6.26695,-6.01527,-6.57841,0.56657,-2.7363,0.40698,,,,,,,,,,,,,,,,,,,,,,,,,,,,,,,,,,,,,,,,,,,,,,,,,,,High,,,,High,,,High
147,2023-01-17,17:21:50.34,4,4,"Mariano, Raymond",,Right,WOR_PR1,"Chacon, Anderson",,Right,WOR_PR1,Undefined,7,Top,2,2,1,Curveball,Curveball,BallCalled,Undefined,Undefined,Undefined,0,0,,71.96627,1.944965,0.909446,2140.088707,308.525098,4:15,6.20166,-0.87722,4.94661,-63.45468,-7.24119,11.38127,2.75264,0.93068,66.02801,-9.491855,2.919194,0.539625,,,,,,,,,,,,-5.33705,-3.5715,0.77916,50,6.33801,-2.09442,-104.35392,1.40421,-5.84758,18.6078,-36.0872,WOR_PR1,WOR_PR1,DRRangers2,TeamExclusive,Team,20230117-DRRangers2-Private-1,f53c8980-96ac-11ed-a773-df94705731b4,69.84936,,,5.93826,,,,,,,e7693d0c-839b-48c7-a917-db66df881d6b,2023-01-17,21:21:50.34,2023-01-17T17:21:50.3460008-04:00,2023-01-17T21:21:50.3460008Z,,v3,,,,", ccc",,Undefined,WOR_PR1,55.55355,-105.33954,9.3039,6.213,3.31569,-18.0436,0.88189,-1.78468,-2.92379,,,,,,,,,,,,,,,,,,,,,,,,,,,,,,,,,,,,,,,,,,,,,,,,,,,High,,,,High,,,High
148,2023-01-17,17:22:11.22,4,5,"Mariano, Raymond",,Right,WOR_PR1,"Chacon, Anderson",,Right,WOR_PR1,Undefined,7,Top,2,3,1,Fastball,Four-Seam,StrikeSwinging,Undefined,Undefined,Undefined,0,0,,86.33866,-1.107449,0.475441,2089.159867,180.63276,12:00,6.36645,-0.65101,4.98761,-16.19276,22.84253,0.23752,3.97118,-0.18227,78.27686,-4.1844,0.517352,0.449676,,,,,,,,,,,,0.02374,11.99843,0.60502,50,6.24752,-1.04919,-125.11247,-2.91087,0.03742,26.70972,-13.27445,WOR_PR1,WOR_PR1,DRRangers2,TeamExclusive,Team,20230117-DRRangers2-Private-1,0192a610-96ad-11ed-a773-df94705731b4,83.82124,,,8.06181,,,,,,,e7693d0c-839b-48c7-a917-db66df881d6b,2023-01-17,21:22:11.22,2023-01-17T17:22:11.2219816-04:00,2023-01-17T21:22:11.2219816Z,,v3,,,,", ccc",,Undefined,WOR_PR1,55.50696,-126.28265,13.35486,6.36231,-2.3293,-6.63722,0.65102,-1.05083,0.01871,,,,,,,,,,,,,,,,,,,,,,,,,,,,,,,,,,,,,,,,,,,,,,,,,,,High,,,,High,,,High
149,2023-01-17,17:22:30.93,4,6,"Mariano, Raymond",,Right,WOR_PR1,"Chacon, Anderson",,Right,WOR_PR1,Undefined,7,Top,2,3,2,Fastball,Four-Seam,BallCalled,Walk,Undefined,Undefined,0,0,,84.54991,-1.074131,-0.10264,1987.155809,180.724366,12:00,6.33224,-0.59233,4.95147,-19.36879,21.24415,0.25157,3.70313,-0.66834,76.97754,-4.706282,-0.05827,0.458674,,,,,,,,,,,,-0.15346,11.19942,0.60206,50,6.21301,0.20826,-122.57493,-2.92423,-0.23285,24.83903,-15.18127,WOR_PR1,WOR_PR1,DRRangers2,TeamExclusive,Team,20230117-DRRangers2-Private-1,0d4ef3a0-96ad-11ed-a773-df94705731b4,82.17704,,,7.57237,,,,,,,e7693d0c-839b-48c7-a917-db66df881d6b,2023-01-17,21:22:30.93,2023-01-17T17:22:30.9303976-04:00,2023-01-17T21:22:30.9303976Z,,v3,,,,", ccc",,Undefined,WOR_PR1,55.54404,-123.69329,12.41951,6.32928,-2.2407,-7.59063,0.59244,0.21874,-0.11642,,,,,,,,,,,,,,,,,,,,,,,,,,,,,,,,,,,,,,,,,,,,,,,,,,,High,,,,High,,,High
150,2023-01-17,17:24:37.67,1,1,"Arias, Fernando",,Right,WOR_PR1,"Hilario, Cristopher",,Right,WOR_PR1,Undefined,8,Top,0,0,0,Fastball,Sinker,FoulBall,Undefined,Undefined,Undefined,0,0,,91.41345,-1.563749,-1.572158,2014.859057,223.384486,1:30,6.11573,0.67622,6.0166,-16.05725,17.34446,15.34969,3.32824,0.49871,83.20509,-4.633759,1.189062,0.415964,72.30511,19.623534,168.155307,3000.050328,,,,,31.11524,,,-8.358,9.70855,-0.56132,50,5.98438,2.98833,-132.7234,-4.08731,-14.83906,29.64351,-14.93719,WOR_PR1,WOR_PR1,DRRangers2,TeamExclusive,Team,20230117-DRRangers2-Private-1,58e08090-96ad-11ed-a773-df94705731b4,90.61463,12.41621,,8.20836,,,,0.43386,3.26869,-0.47333,e7693d0c-839b-48c7-a917-db66df881d6b,2023-01-17,21:24:37.67,2023-01-17T17:24:37.6724136-04:00,2023-01-17T21:24:37.6724136Z,,v3,,,,", ccc",,Undefined,WOR_PR1,54.48133,-133.72056,14.82176,6.11342,-3.58485,-7.46859,-0.67024,3.48749,-7.41953,330.787047,0.43354,-97.74797,6.38071,,,,,,,3.27177,35.48855,-22.47443,,,,,,,-0.47233,20.46205,-3.8549,,,,,,,,,,,,,,,,,,,,,,,,,,,,,High,High,Low,,High,,,High
151,2023-01-17,17:25:02.34,1,2,"Arias, Fernando",,Right,WOR_PR1,"Hilario, Cristopher",,Right,WOR_PR1,Undefined,8,Top,0,0,1,Fastball,Sinker,FoulBall,Undefined,Undefined,Undefined,0,0,,91.06118,-1.745704,-2.698845,2007.49708,231.062675,1:45,6.16343,0.75789,5.661,-19.50568,14.72824,16.79135,2.90778,-0.36136,82.73932,-5.416347,0.299699,0.421114,77.14115,14.771046,50.989702,5321.788847,52.8966,13.26303,96.44638,166.52233,80.97144,66.996858,1.921399,-9.31961,8.33237,-0.54037,50,6.00348,5.47441,-132.00719,-4.66922,-16.34535,29.68963,-17.5602,WOR_PR1,WOR_PR1,DRRangers2,TeamExclusive,Team,20230117-DRRangers2-Private-1,6799ba70-96ad-11ed-a773-df94705731b4,89.50649,14.51649,,8.32186,,,,-0.00881,2.66429,0.26826,e7693d0c-839b-48c7-a917-db66df881d6b,2023-01-17,21:25:02.34,2023-01-17T17:25:02.3435944-04:00,2023-01-17T21:25:02.3435944Z,LineDrive,v3,,,,", ccc",,Undefined,WOR_PR1,54.8367,-133.09056,14.84481,6.16217,-4.02845,-8.7801,-0.75102,6.07085,-8.17267,,-0.00881,68.86365,-24.55495,4.75978,-1.01626,0.17336,-0.02631,0.00348,-0.00024,2.66429,28.84587,-19.50787,2.75763,-0.61532,0.14595,-0.0276,0.00391,-0.0003,0.26826,85.00834,-0.42663,-2.24645,0.87246,-0.26363,0.05939,-0.00968,0.0008,,,,,,,,,,,,,,,,,,,,,,,High,High,Medium,,High,,,High
152,2023-01-17,17:25:42.71,1,3,"Arias, Fernando",,Right,WOR_PR1,"Hilario, Cristopher",,Right,WOR_PR1,Undefined,8,Top,0,0,2,Curveball,Curveball,BallCalled,Undefined,Undefined,Undefined,0,0,,76.89446,4.361279,1.132712,2227.309013,36.990401,7:15,6.07692,1.01123,5.59566,-50.91448,-2.94496,-3.33551,5.91459,1.79096,70.12579,-4.970636,0.538497,0.498487,,,,,,,,,,,,1.96945,-2.09264,-1.10625,50,6.41914,-2.06937,-111.35558,6.80483,2.47599,19.76303,-34.80489,WOR_PR1,WOR_PR1,DRRangers2,TeamExclusive,Team,20230117-DRRangers2-Private-1,7fae6e80-96ad-11ed-a773-df94705731b4,75.61365,,,6.76867,,,,,,,e7693d0c-839b-48c7-a917-db66df881d6b,2023-01-17,21:25:42.71,2023-01-17T17:25:42.7188904-04:00,2023-01-17T21:25:42.7188904Z,,v3,,,,", ccc",,Undefined,WOR_PR1,54.90151,-112.22212,9.88152,6.08732,8.33089,-17.40244,-1.01313,-2.17793,1.238,,,,,,,,,,,,,,,,,,,,,,,,,,,,,,,,,,,,,,,,,,,,,,,,,,,High,,,,High,,,High
153,2023-01-17,17:26:18.93,1,4,"Arias, Fernando",,Right,WOR_PR1,"Hilario, Cristopher",,Right,WOR_PR1,Undefined,8,Top,0,1,2,Curveball,Slider,BallCalled,Undefined,Undefined,Undefined,0,0,,77.40777,3.453223,0.035158,2399.393823,88.66165,9:00,5.93721,0.86331,5.8096,-46.12105,1.51681,-8.41193,5.30886,0.19501,69.56638,-5.105591,-1.470703,0.496761,,,,,,,,,,,,4.22012,0.26835,-0.86154,50,6.19415,0.26369,-112.04953,5.2998,5.27791,23.31859,-31.83842,WOR_PR1,WOR_PR1,DRRangers2,TeamExclusive,Team,20230117-DRRangers2-Private-1,95421d00-96ad-11ed-a773-df94705731b4,75.87641,,,7.84139,,,,,,,e7693d0c-839b-48c7-a917-db66df881d6b,2023-01-17,21:26:18.93,2023-01-17T17:26:18.9360808-04:00,2023-01-17T21:26:18.9360808Z,,v3,,,,", ccc",,Undefined,WOR_PR1,54.68385,-113.02008,11.65929,5.94599,6.62495,-15.91921,-0.86794,0.04402,2.63895,,,,,,,,,,,,,,,,,,,,,,,,,,,,,,,,,,,,,,,,,,,,,,,,,,,High,,,,High,,,High
154,2023-01-17,17:26:39.40,1,5,"Arias, Fernando",,Right,WOR_PR1,"Hilario, Cristopher",,Right,WOR_PR1,Undefined,8,Top,0,2,2,Fastball,Sinker,FoulBall,Undefined,Undefined,Undefined,0,0,,90.97643,-2.348443,-2.219951,2068.299464,220.794914,1:15,6.09768,0.55772,5.37505,-17.64139,17.27643,13.81768,2.42304,-0.37303,82.12695,-5.683238,0.235178,0.4253,63.33619,61.599145,59.973846,6038.372007,,,,,49.96016,,,-7.63792,9.77812,-0.36901,50,5.87518,4.46632,-131.70525,-5.98264,-13.2432,31.33596,-15.21996,WOR_PR1,WOR_PR1,DRRangers2,TeamExclusive,Team,20230117-DRRangers2-Private-1,a17fa880-96ad-11ed-a773-df94705731b4,88.62559,83.32039,,8.84947,,,,0.26537,2.55632,0.28821,e7693d0c-839b-48c7-a917-db66df881d6b,2023-01-17,21:26:39.40,2023-01-17T17:26:39.4088616-04:00,2023-01-17T21:26:39.4088616Z,,v3,,,,", ccc",,Undefined,WOR_PR1,55.12117,-132.91812,15.66798,6.09534,-5.39355,-7.60998,-0.55179,4.9789,-6.6216,199.81395,0.26537,22.10912,-13.32305,4.30589,-1.08241,0.25944,-0.06346,0.01255,-0.00127,2.55632,81.71248,-21.45112,1.6166,-0.11824,-0.02328,0.00802,-0.00077,0.0001,0.28821,38.25381,-7.24279,1.92131,-0.41223,0.08932,-0.02251,0.00485,-0.00054,,,,,,,,,,,,,,,,,,,,,,,High,High,Low,,High,,,High
155,2023-01-17,17:27:04.27,1,6,"Arias, Fernando",,Right,WOR_PR1,"Hilario, Cristopher",,Right,WOR_PR1,Undefined,8,Top,0,2,2,Fastball,Four-Seam,StrikeSwinging,Strikeout,Undefined,Undefined,0,0,,89.44089,-0.554586,-1.150222,1980.460925,218.094139,1:15,6.1292,0.80405,5.81712,-20.72332,14.42048,10.39902,3.8865,0.60105,81.3809,-4.461474,0.713736,0.426674,,,,,,,,,,,,-5.57772,7.85233,-0.71577,50,6.07156,2.14565,-129.8239,-1.91321,-9.48254,28.15855,-18.82445,WOR_PR1,WOR_PR1,DRRangers2,TeamExclusive,Team,20230117-DRRangers2-Private-1,b0431b90-96ad-11ed-a773-df94705731b4,88.34021,,,8.05998,,,,,,,e7693d0c-839b-48c7-a917-db66df881d6b,2023-01-17,21:27:04.27,2023-01-17T17:27:04.2742440-04:00,2023-01-17T21:27:04.2742440Z,,v3,,,,", ccc",,Undefined,WOR_PR1,54.67778,-130.83457,14.07928,6.1281,-1.23756,-9.41222,-0.79889,2.486,-4.74127,,,,,,,,,,,,,,,,,,,,,,,,,,,,,,,,,,,,,,,,,,,,,,,,,,,High,,,,High,,,High
156,2023-01-17,17:27:29.68,2,1,"Arias, Fernando",,Right,WOR_PR1,"Jimenez, Carlos",,Left,WOR_PR1,Undefined,8,Top,1,0,0,Fastball,Four-Seam,InPlay,Undefined,GroundBall,Single,0,0,,90.15592,-3.250923,-1.670817,2071.98273,208.944717,1:00,6.02304,0.78385,5.9485,-15.08961,19.3647,10.07918,1.74588,0.07369,82.30554,-6.13354,0.139841,0.422467,91.22669,6.938116,-3.585497,1460.448011,109.32557,5.19361,-12.16146,151.08236,149.42954,-7.414393,1.301983,-5.67008,11.22382,-0.65666,50,5.75568,3.39136,-130.73362,-7.85077,-9.78751,28.23013,-12.79983,WOR_PR1,WOR_PR1,DRRangers2,TeamExclusive,Team,20230117-DRRangers2-Private-1,bf73a850-96ad-11ed-a773-df94705731b4,89.21974,6.50367,,7.85038,,,,1.44508,1.78153,-0.05902,e7693d0c-839b-48c7-a917-db66df881d6b,2023-01-17,21:27:29.68,2023-01-17T17:27:29.6827048-04:00,2023-01-17T21:27:29.6827048Z,GroundBall,v3,,,,", ccc",,Undefined,WOR_PR1,54.54961,-131.71238,14.11507,6.02018,-7.40699,-6.39991,-0.78012,3.73071,-4.89376,116.970015,1.44508,132.5593,-17.61235,3.20382,-0.60699,0.09485,-0.00632,-0.00276,0.00078,1.78153,16.16211,-14.15003,0.58167,-0.07798,0.05981,-0.04444,0.0196,-0.00354,-0.05902,-8.30557,-6.9209,1.87654,-0.42696,0.02466,0.0464,-0.02613,0.005,,,,,,,,,,,,,,,,,,,,,,,High,High,High,,High,,,High
157,2023-01-17,17:28:02.78,3,1,"Arias, Fernando",,Right,WOR_PR1,"Ayena, Erickson",,Right,WOR_PR1,Undefined,8,Top,1,0,0,Slider,Curveball,StrikeCalled,Undefined,Undefined,Undefined,0,0,,76.71889,0.217037,-1.445499,2252.892541,12.309564,6:30,5.93802,0.76395,5.91754,-51.97282,-3.98303,-1.23284,1.80843,-0.68052,69.90711,-9.341838,-1.667349,0.498593,,,,,,,,,,,,0.16606,-1.54126,-0.64749,50,5.92655,2.85518,-111.33347,-1.20764,0.20547,22.62527,-34.08117,WOR_PR1,WOR_PR1,DRRangers2,TeamExclusive,Team,20230117-DRRangers2-Private-1,d321a6e0-96ad-11ed-a773-df94705731b4,75.59767,,,6.81178,,,,,,,e7693d0c-839b-48c7-a917-db66df881d6b,2023-01-17,21:28:02.78,2023-01-17T17:28:02.7836072-04:00,2023-01-17T21:28:02.7836072Z,,v3,,,,", ccc",,Undefined,WOR_PR1,54.57957,-112.26027,11.31263,5.94743,0.18844,-17.04059,-0.76428,2.84677,0.10273,,,,,,,,,,,,,,,,,,,,,,,,,,,,,,,,,,,,,,,,,,,,,,,,,,,High,,,,High,,,High
158,2023-01-17,17:28:19.70,3,2,"Arias, Fernando",,Right,WOR_PR1,"Ayena, Erickson",,Right,WOR_PR1,Undefined,8,Top,1,0,1,Fastball,Sinker,InPlay,Undefined,LineDrive,Out,1,0,,89.81665,-1.301374,-2.124224,2054.221939,227.632703,1:30,6.13154,0.67505,5.55629,-21.88895,13.25422,13.28489,3.09051,-0.2035,81.9878,-5.385437,0.244661,0.42667,79.72495,20.42241,16.945833,3407.807849,103.03003,29.13323,38.53246,230.39681,224.06507,25.087263,2.877421,-7.35603,7.41398,-0.50063,50,6.00478,4.25252,-130.32159,-3.71102,-12.62742,27.85825,-19.44712,WOR_PR1,WOR_PR1,DRRangers2,TeamExclusive,Team,20230117-DRRangers2-Private-1,dd3c0440-96ad-11ed-a773-df94705731b4,88.34102,29.66613,,7.82885,,,,1.03131,3.09186,0.22448,e7693d0c-839b-48c7-a917-db66df881d6b,2023-01-17,21:28:19.70,2023-01-17T17:28:19.7050536-04:00,2023-01-17T21:28:19.7050536Z,LineDrive,v3,,,,", ccc",,Undefined,WOR_PR1,54.94227,-131.37383,13.92913,6.13108,-2.97648,-9.72356,-0.67026,4.72947,-6.31371,229.077101,1.03139,104.819,-17.64735,3.45762,-0.696,0.15542,-0.03908,0.00721,-0.00059,3.09168,40.80746,-17.15925,1.44729,-0.25261,-0.03189,0.04337,-0.01172,0.00111,0.22431,31.94469,1.32206,-0.32927,0.11552,-0.09987,0.05085,-0.01217,0.00112,,,,,,,,,,,,,,,,,,,,,,,High,High,High,,High,,,High
159,2023-01-17,17:28:49.04,4,1,"Arias, Fernando",,Right,WOR_PR1,"Perez, Wilman",,Right,WOR_PR1,Undefined,8,Top,2,0,0,Fastball,Four-Seam,BallCalled,Undefined,Undefined,Undefined,0,0,,90.38249,-0.171827,-0.908682,2014.788624,210.468557,1:00,6.10971,0.77345,5.29092,-13.89989,21.35304,11.853,4.79003,0.90791,81.7375,-2.847146,1.194502,0.427335,,,,,,,,,,,,-6.11941,11.02075,-0.69934,50,6.0843,1.50896,-131.02605,-0.78527,-10.55732,29.64739,-13.16081,WOR_PR1,WOR_PR1,DRRangers2,TeamExclusive,Team,20230117-DRRangers2-Private-1,eec32b30-96ad-11ed-a773-df94705731b4,88.2034,,,8.64499,,,,,,,e7693d0c-839b-48c7-a917-db66df881d6b,2023-01-17,21:28:49.04,2023-01-17T17:28:49.0417832-04:00,2023-01-17T21:28:49.0417832Z,,v3,,,,", ccc",,Undefined,WOR_PR1,55.20272,-132.19803,14.82369,6.10506,-0.26502,-6.5804,-0.76724,1.9263,-5.27866,,,,,,,,,,,,,,,,,,,,,,,,,,,,,,,,,,,,,,,,,,,,,,,,,,,High,,,,High,,,High
160,2023-01-17,17:29:07.29,4,2,"Arias, Fernando",,Right,WOR_PR1,"Perez, Wilman",,Right,WOR_PR1,Undefined,8,Top,2,1,0,Fastball,Sinker,BallCalled,Undefined,Undefined,Undefined,0,0,,89.43136,-3.428171,-3.683031,1991.599544,227.190351,1:30,6.02476,0.97876,5.66865,-19.7582,16.04229,15.92635,1.1715,-1.13271,81.00977,-7.146758,-0.841892,0.430642,,,,,,,,,,,,-9.11189,9.54741,-0.67714,50,5.72212,7.59989,-129.2522,-8.38194,-15.26509,29.37449,-16.17931,WOR_PR1,WOR_PR1,DRRangers2,TeamExclusive,Team,20230117-DRRangers2-Private-1,f993b930-96ad-11ed-a773-df94705731b4,87.52624,,,8.42159,,,,,,,e7693d0c-839b-48c7-a917-db66df881d6b,2023-01-17,21:29:07.29,2023-01-17T17:29:07.2994984-04:00,2023-01-17T21:29:07.2994984Z,,v3,,,,", ccc",,Undefined,WOR_PR1,54.82616,-130.3444,14.68724,6.0226,-7.78036,-8.08966,-0.97027,8.16748,-7.63255,,,,,,,,,,,,,,,,,,,,,,,,,,,,,,,,,,,,,,,,,,,,,,,,,,,High,,,,High,,,High
161,2023-01-17,17:29:28.69,4,3,"Arias, Fernando",,Right,WOR_PR1,"Perez, Wilman",,Right,WOR_PR1,Undefined,8,Top,2,2,0,Curveball,Curveball,BallCalled,Undefined,Undefined,Undefined,0,0,,76.4423,2.186982,1.572663,2299.82249,58.259402,8:00,5.92961,0.79777,5.57862,-51.83231,-2.88784,-7.39993,3.65452,1.65024,69.34544,-7.327575,0.252005,0.503528,,,,,,,,,,,,4.18725,-1.53599,-0.92828,50,6.08461,-2.75211,-110.79207,2.5286,5.14571,21.88425,-34.06161,WOR_PR1,WOR_PR1,DRRangers2,TeamExclusive,Team,20230117-DRRangers2-Private-1,06614fb0-96ae-11ed-a773-df94705731b4,74.85676,,,7.09686,,,,,,,e7693d0c-839b-48c7-a917-db66df881d6b,2023-01-17,21:29:28.69,2023-01-17T17:29:28.6985896-04:00,2023-01-17T21:29:28.6985896Z,,v3,,,,", ccc",,Undefined,WOR_PR1,54.91788,-111.75926,10.94212,5.93959,4.03397,-17.0308,-0.80163,-2.97953,2.57285,,,,,,,,,,,,,,,,,,,,,,,,,,,,,,,,,,,,,,,,,,,,,,,,,,,High,,,,High,,,High
162,2023-01-17,17:29:49.94,4,4,"Arias, Fernando",,Right,WOR_PR1,"Perez, Wilman",,Right,WOR_PR1,Undefined,8,Top,2,3,0,Curveball,Sinker,BallCalled,Walk,Undefined,Undefined,0,0,,89.45672,-3.46399,-1.190629,2073.119446,226.626005,1:30,6.06451,0.8709,5.55688,-18.79332,16.86784,16.56273,1.25729,1.13855,81.48774,-6.986998,1.76526,0.429803,,,,,,,,,,,,-8.64693,9.89205,-0.77885,50,5.75269,1.94236,-129.56572,-8.44384,-14.61602,28.49494,-15.45343,WOR_PR1,WOR_PR1,DRRangers2,TeamExclusive,Team,20230117-DRRangers2-Private-1,12fc6480-96ae-11ed-a773-df94705731b4,87.69708,,,7.96898,,,,,,,e7693d0c-839b-48c7-a917-db66df881d6b,2023-01-17,21:29:49.94,2023-01-17T17:29:49.9471016-04:00,2023-01-17T21:29:49.9471016Z,,v3,,,,", ccc",,Undefined,WOR_PR1,54.93897,-130.64742,14.24747,6.0621,-7.85721,-7.72672,-0.86311,2.4972,-7.30801,,,,,,,,,,,,,,,,,,,,,,,,,,,,,,,,,,,,,,,,,,,,,,,,,,,High,,,,High,,,High
163,2023-01-17,17:32:56.40,1,1,"Munoz, Luimi",,Right,WOR_PR1,"Soriano, Adrian",,Right,WOR_PR1,Undefined,9,Top,0,0,0,Fastball,Four-Seam,BallCalled,Undefined,Undefined,Undefined,0,0,,91.82604,-1.162733,0.398999,2371.11841,209.600498,1:00,6.01951,0.70351,6.21803,-13.63981,19.33477,10.34536,3.80974,1.93382,83.2072,-3.815795,2.266802,0.413296,,,,,,,,,,,,-5.17764,10.65816,-0.73797,50,5.92529,-1.37686,-133.32064,-3.03647,-9.23542,31.06051,-13.16292,WOR_PR1,WOR_PR1,DRRangers2,TeamExclusive,Team,20230117-DRRangers2-Private-1,822126c0-96ae-11ed-a773-df94705731b4,91.19966,,,8.61884,,,,,,,e7693d0c-839b-48c7-a917-db66df881d6b,2023-01-17,21:32:56.40,2023-01-17T17:32:56.4043432-04:00,2023-01-17T21:32:56.4043432Z,,v3,,,,", ccc",,Undefined,WOR_PR1,54.27664,-134.31329,15.53026,6.01561,-2.61579,-6.58146,-0.69868,-1.08171,-4.61771,,,,,,,,,,,,,,,,,,,,,,,,,,,,,,,,,,,,,,,,,,,,,,,,,,,High,,,,High,,,High
164,2023-01-17,17:33:16.85,1,2,"Munoz, Luimi",,Right,WOR_PR1,"Soriano, Adrian",,Right,WOR_PR1,Undefined,9,Top,0,1,0,Fastball,Four-Seam,StrikeSwinging,Undefined,Undefined,Undefined,0,0,,91.25422,-2.123329,-0.689383,2324.692697,197.415827,12:30,5.9044,0.75396,6.65431,-10.82445,22.22415,6.59489,3.05815,0.67261,82.21435,-4.297301,0.511317,0.413759,,,,,,,,,,,,-3.67055,12.70012,-0.70983,50,5.75647,1.32815,-132.45774,-5.08744,-6.41932,32.41593,-9.96322,WOR_PR1,WOR_PR1,DRRangers2,TeamExclusive,Team,20230117-DRRangers2-Private-1,8e5897c0-96ae-11ed-a773-df94705731b4,91.0975,,,9.03987,,,,,,,e7693d0c-839b-48c7-a917-db66df881d6b,2023-01-17,21:33:16.85,2023-01-17T17:33:16.8578728-04:00,2023-01-17T21:33:16.8578728Z,,v3,,,,", ccc",,Undefined,WOR_PR1,53.84049,-133.3943,16.20796,5.8993,-4.79958,-4.98161,-0.75089,1.51362,-3.20966,,,,,,,,,,,,,,,,,,,,,,,,,,,,,,,,,,,,,,,,,,,,,,,,,,,High,,,,High,,,High
165,2023-01-17,17:33:34.51,1,3,"Munoz, Luimi",,Right,WOR_PR1,"Soriano, Adrian",,Right,WOR_PR1,Undefined,9,Top,0,1,1,Fastball,Four-Seam,StrikeCalled,Undefined,Undefined,Undefined,0,0,,92.40962,-1.744666,-0.179799,2226.978632,192.999055,12:30,6.01773,0.4677,6.57522,-10.05504,22.236,4.86508,3.58025,0.70833,83.26699,-3.772183,0.70466,0.40899,,,,,,,,,,,,-2.58839,12.52095,-0.45708,50,5.89301,0.21911,-134.15393,-4.24187,-4.64729,33.03034,-9.69345,WOR_PR1,WOR_PR1,DRRangers2,TeamExclusive,Team,20230117-DRRangers2-Private-1,98e4c9c0-96ae-11ed-a773-df94705731b4,92.15984,,,9.14263,,,,,,,e7693d0c-839b-48c7-a917-db66df881d6b,2023-01-17,21:33:34.51,2023-01-17T17:33:34.5123496-04:00,2023-01-17T21:33:34.5123496Z,,v3,,,,", ccc",,Undefined,WOR_PR1,53.91919,-135.11544,16.51517,6.01238,-3.9597,-4.84672,-0.46542,0.3544,-2.32365,,,,,,,,,,,,,,,,,,,,,,,,,,,,,,,,,,,,,,,,,,,,,,,,,,,High,,,,High,,,High
166,2023-01-17,17:33:54.10,1,4,"Munoz, Luimi",,Right,WOR_PR1,"Soriano, Adrian",,Right,WOR_PR1,Undefined,9,Top,0,1,2,Fastball,Four-Seam,BallCalled,Undefined,Undefined,Undefined,0,0,,91.82297,-4.31963,-0.837631,2355.11332,209.07271,1:00,5.93658,0.62169,6.57214,-11.69477,21.06072,11.05686,0.99472,0.77527,83.19342,-6.621146,1.172648,0.411921,,,,,,,,,,,,-6.0354,12.72768,-0.56821,50,5.63393,1.49721,-133.03988,-10.28038,-10.69209,31.61995,-9.62615,WOR_PR1,WOR_PR1,DRRangers2,TeamExclusive,Team,20230117-DRRangers2-Private-1,a48a33f0-96ae-11ed-a773-df94705731b4,91.50412,,,8.62955,,,,,,,e7693d0c-839b-48c7-a917-db66df881d6b,2023-01-17,21:33:54.10,2023-01-17T17:33:54.1084328-04:00,2023-01-17T21:33:54.1084328Z,,v3,,,,", ccc",,Undefined,WOR_PR1,53.9239,-133.96923,15.80997,5.93193,-9.99746,-4.81307,-0.61684,1.81147,-5.34605,,,,,,,,,,,,,,,,,,,,,,,,,,,,,,,,,,,,,,,,,,,,,,,,,,,High,,,,High,,,High
167,2023-01-17,17:34:18.92,1,5,"Munoz, Luimi",,Right,WOR_PR1,"Soriano, Adrian",,Right,WOR_PR1,Undefined,9,Top,0,2,2,Curveball,Curveball,BallCalled,Undefined,Undefined,Undefined,0,0,,72.53338,1.847999,3.192764,2601.962333,9.210503,6:15,5.76428,0.58319,6.25992,-72.72122,-19.2508,-3.43465,1.41136,3.2439,65.98471,-11.526591,2.570926,0.526294,,,,,,,,,,,,2.92599,-10.43953,-0.81829,50,5.86527,-5.76119,-105.21989,1.36732,3.20276,21.78404,-43.60113,WOR_PR1,WOR_PR1,DRRangers2,TeamExclusive,Team,20230117-DRRangers2-Private-1,b35d8580-96ae-11ed-a773-df94705731b4,71.61863,,,6.54867,,,,,,,e7693d0c-839b-48c7-a917-db66df881d6b,2023-01-17,21:34:18.92,2023-01-17T17:34:18.9277864-04:00,2023-01-17T21:34:18.9277864Z,,v3,,,,", ccc",,Undefined,WOR_PR1,54.24368,-106.09483,10.89202,5.77518,3.11854,-21.80057,-0.58431,-5.88983,1.60138,,,,,,,,,,,,,,,,,,,,,,,,,,,,,,,,,,,,,,,,,,,,,,,,,,,High,,,,High,,,High
168,2023-01-17,17:34:46.85,1,6,"Munoz, Luimi",,Right,WOR_PR1,"Soriano, Adrian",,Right,WOR_PR1,Undefined,9,Top,0,3,2,Fastball,Four-Seam,BallCalled,Walk,Undefined,Undefined,0,0,,91.59987,-4.40644,-1.027371,2221.912551,194.857214,12:30,5.94462,0.62688,6.48937,-10.35442,22.79832,5.72142,1.02781,0.16039,82.64638,-6.474572,0.010904,0.414411,,,,,,,,,,,,-3.31756,13.69922,-0.55712,50,5.63007,2.14536,-132.62682,-10.39935,-5.81835,32.42926,-8.14825,WOR_PR1,WOR_PR1,DRRangers2,TeamExclusive,Team,20230117-DRRangers2-Private-1,c3fbac00-96ae-11ed-a773-df94705731b4,90.95428,,,8.9535,,,,,,,e7693d0c-839b-48c7-a917-db66df881d6b,2023-01-17,21:34:46.85,2023-01-17T17:34:46.8505768-04:00,2023-01-17T21:34:46.8505768Z,,v3,,,,", ccc",,Undefined,WOR_PR1,54.00628,-133.60282,16.21463,5.93936,-10.15411,-4.07413,-0.62432,2.32047,-2.90918,,,,,,,,,,,,,,,,,,,,,,,,,,,,,,,,,,,,,,,,,,,,,,,,,,,High,,,,High,,,High
169,2023-01-17,17:35:17.33,2,1,"Munoz, Luimi",,Right,WOR_PR1,"Guillen, Steven",,Left,WOR_PR1,Undefined,9,Top,0,0,0,Curveball,Curveball,BallCalled,Undefined,Undefined,Undefined,0,0,,69.86099,4.60268,2.224188,2507.806914,17.131479,6:30,5.92205,0.43584,6.56073,-73.43559,-16.46131,-5.70201,4.03443,2.00083,63.1628,-9.047586,1.188859,0.543264,,,,,,,,,,,,3.69858,-9.39134,-0.58703,50,6.21117,-3.74934,-101.2047,6.19593,3.76335,19.43324,-41.72985,WOR_PR1,WOR_PR1,DRRangers2,TeamExclusive,Team,20230117-DRRangers2-Private-1,d64e6050-96ae-11ed-a773-df94705731b4,69.38146,,,6.69818,,,,,,,e7693d0c-839b-48c7-a917-db66df881d6b,2023-01-17,21:35:17.33,2023-01-17T17:35:17.3393064-04:00,2023-01-17T21:35:17.3393064Z,,v3,,,,", ccc",,Undefined,WOR_PR1,53.94112,-101.95866,9.71662,5.93937,7.81495,-20.86493,-0.43874,-3.89535,1.88168,,,,,,,,,,,,,,,,,,,,,,,,,,,,,,,,,,,,,,,,,,,,,,,,,,,High,,,,High,,,High
170,2023-01-17,17:35:37.83,2,2,"Munoz, Luimi",,Right,WOR_PR1,"Guillen, Steven",,Left,WOR_PR1,Undefined,9,Top,0,1,0,Curveball,Curveball,StrikeCalled,Undefined,Undefined,Undefined,0,0,,73.32354,2.364742,1.358591,2655.379194,33.323312,7:00,5.74939,0.88301,6.38365,-67.30693,-15.16583,-11.24989,2.31762,1.1955,66.22522,-10.110531,-0.684413,0.51971,,,,,,,,,,,,6.29536,-8.04489,-0.97615,50,5.89048,-2.14165,-106.40846,2.45992,7.03194,22.64278,-41.16024,WOR_PR1,WOR_PR1,DRRangers2,TeamExclusive,Team,20230117-DRRangers2-Private-1,e2766800-96ae-11ed-a773-df94705731b4,72.52584,,,7.09832,,,,,,,e7693d0c-839b-48c7-a917-db66df881d6b,2023-01-17,21:35:37.83,2023-01-17T17:35:37.8383016-04:00,2023-01-17T21:35:37.8383016Z,,v3,,,,", ccc",,Undefined,WOR_PR1,54.11673,-107.28089,11.32139,5.76514,4.04583,-20.58012,-0.88842,-2.41259,3.51597,,,,,,,,,,,,,,,,,,,,,,,,,,,,,,,,,,,,,,,,,,,,,,,,,,,High,,,,High,,,High
171,2023-01-17,17:35:56.52,2,3,"Munoz, Luimi",,Right,WOR_PR1,"Guillen, Steven",,Left,WOR_PR1,Undefined,9,Top,0,1,1,Fastball,Four-Seam,FoulBall,Undefined,Undefined,Undefined,0,0,,90.18101,-3.497741,-2.398702,2319.489213,202.529616,12:45,5.81591,0.41294,7.03874,-13.62808,19.6008,7.65351,1.49595,-1.12965,81.93861,-6.175944,-0.996257,0.414887,,,,,,,,,,,,-4.80815,11.87591,-0.26962,50,5.59858,5.20024,-130.82865,-8.26633,-8.26017,29.86573,-11.77175,WOR_PR1,WOR_PR1,DRRangers2,TeamExclusive,Team,20230117-DRRangers2-Private-1,ed88e100-96ae-11ed-a773-df94705731b4,90.84998,,,8.24241,,,,,,,e7693d0c-839b-48c7-a917-db66df881d6b,2023-01-17,21:35:56.52,2023-01-17T17:35:56.5296296-04:00,2023-01-17T21:35:56.5296296Z,,v3,,,,", ccc",,Undefined,WOR_PR1,53.45801,-131.61568,14.93287,5.81233,-7.95612,-5.88587,-0.40952,5.41791,-4.13009,,,,,,,,,,,,,,,,,,,,,,,,,,,,,,,,,,,,,,,,,,,,,,,,,,,High,,,,High,,,High
172,2023-01-17,17:36:23.34,2,4,"Munoz, Luimi",,Right,WOR_PR1,"Guillen, Steven",,Left,WOR_PR1,Undefined,9,Top,0,1,2,ChangeUp,Changeup,FoulBall,Undefined,Undefined,Undefined,0,0,,88.82568,-3.469965,-1.125764,1608.201351,214.468467,1:15,6.00267,0.44268,6.47233,-14.7591,19.96182,12.93028,1.58163,0.48624,81.30435,-6.314804,1.220969,0.424099,63.42164,-7.285359,-55.281689,,,,,11.97935,11.97608,-50.042905,0.11941,-7.09874,11.77906,-0.36882,50,5.75121,2.03653,-128.9381,-8.17375,-11.93658,27.10242,-12.36755,WOR_PR1,WOR_PR1,DRRangers2,TeamExclusive,Team,20230117-DRRangers2-Private-1,fd8681c0-96ae-11ed-a773-df94705731b4,88.87656,1.41179,,7.52133,,,,1.54038,1.41179,-0.28983,e7693d0c-839b-48c7-a917-db66df881d6b,2023-01-17,21:36:23.34,2023-01-17T17:36:23.3442472-04:00,2023-01-17T21:36:23.3442472Z,GroundBall,v3,,,,", ccc",,Undefined,WOR_PR1,54.02613,-129.78162,13.55121,5.99961,-7.78883,-6.18377,-0.43799,2.40804,-5.96829,176.262323,1.54052,52.53387,-8.44643,,,,,,,1.41156,-11.77038,-0.40922,,,,,,,-0.29002,-75.81919,11.31193,,,,,,,,,,,,,,,,,,,,,,,,,,,,,High,Low,Low,,High,,,High
173,2023-01-17,17:36:54.28,2,5,"Munoz, Luimi",,Right,WOR_PR1,"Guillen, Steven",,Left,WOR_PR1,Undefined,9,Top,0,1,2,Fastball,Four-Seam,BallCalled,Undefined,Undefined,Undefined,0,0,,91.54071,-1.603784,-0.745067,2343.017262,218.114224,1:15,6.02129,0.55751,6.65024,-14.81056,17.86127,13.12761,3.31874,0.96952,82.9201,-4.48907,1.645446,0.411394,,,,,,,,,,,,-7.09626,10.21493,-0.5118,50,5.90684,1.20195,-132.98488,-4.06871,-12.57074,31.39168,-14.07874,WOR_PR1,WOR_PR1,DRRangers2,TeamExclusive,Team,20230117-DRRangers2-Private-1,0fe2d300-96af-11ed-a773-df94705731b4,91.62119,,,8.62062,,,,,,,e7693d0c-839b-48c7-a917-db66df881d6b,2023-01-17,21:36:54.28,2023-01-17T17:36:54.2813864-04:00,2023-01-17T21:36:54.2813864Z,,v3,,,,", ccc",,Undefined,WOR_PR1,53.84574,-133.88961,15.69584,6.01826,-3.66295,-7.03937,-0.55166,1.56424,-6.28537,,,,,,,,,,,,,,,,,,,,,,,,,,,,,,,,,,,,,,,,,,,,,,,,,,,High,,,,High,,,High
174,2023-01-17,17:37:15.98,2,6,"Munoz, Luimi",,Right,WOR_PR1,"Guillen, Steven",,Left,WOR_PR1,Undefined,9,Top,0,2,2,Fastball,Four-Seam,FoulBall,Undefined,Undefined,Undefined,0,0,,91.48594,-2.240184,-0.747759,2309.168611,217.215652,1:15,6.02069,0.58668,6.7383,-13.46698,19.11375,13.66717,2.85037,1.04234,82.9994,-4.879267,1.745066,0.41082,38.31613,25.966958,-159.328514,2661.287979,,,,71.55563,38.62441,-161.653424,1.52715,-7.39945,11.09127,-0.54178,50,5.86743,1.19329,-132.89449,-5.48449,-13.10666,31.01554,-12.52809,WOR_PR1,WOR_PR1,DRRangers2,TeamExclusive,Team,20230117-DRRangers2-Private-1,1ce38770-96af-11ed-a773-df94705731b4,91.74923,11.12371,,8.48654,,,,-1.44438,2.6674,-1.38869,e7693d0c-839b-48c7-a917-db66df881d6b,2023-01-17,21:37:15.98,2023-01-17T17:37:15.9864488-04:00,2023-01-17T21:37:15.9864488Z,GroundBall,v3,,,,", ccc",,Undefined,WOR_PR1,53.75797,-133.76867,15.50777,6.01704,-5.13138,-6.26405,-0.58062,1.5627,-6.55333,63.24255,-1.44439,-47.26968,2.38801,0.09414,-0.18986,0.15556,0.00029,-0.04292,0.01264,2.6674,24.60548,-18.58343,1.10689,-0.10754,-0.1584,0.15873,-0.06442,0.00976,-1.3887,-17.83407,3.37073,-0.73484,0.07124,0.14552,-0.04851,-0.01952,0.0085,,,,,,,,,,,,,,,,,,,,,,,High,High,Medium,,High,,,High
175,2023-01-17,17:37:41.29,2,7,"Munoz, Luimi",,Right,WOR_PR1,"Guillen, Steven",,Left,WOR_PR1,Undefined,9,Top,0,2,2,Curveball,Curveball,StrikeSwinging,Strikeout,Undefined,Undefined,0,0,,72.42514,3.116044,1.519494,2530.160142,14.17444,6:30,5.78409,0.65324,6.05322,-72.9552,-18.91895,-5.2774,2.59273,1.62032,65.56103,-10.29897,0.567428,0.529071,,,,,,,,,,,,3.21756,-10.09335,-0.76867,50,5.98876,-2.60156,-105.02311,3.52185,3.51222,21.54446,-43.19168,WOR_PR1,WOR_PR1,DRRangers2,TeamExclusive,Team,20230117-DRRangers2-Private-1,2c0c7310-96af-11ed-a773-df94705731b4,71.24269,,,6.86411,,,,,,,e7693d0c-839b-48c7-a917-db66df881d6b,2023-01-17,21:37:41.29,2023-01-17T17:37:41.2922024-04:00,2023-01-17T21:37:41.2922024Z,,v3,,,,", ccc",,Undefined,WOR_PR1,54.44873,-105.93179,10.77223,5.8018,5.34355,-21.59584,-0.65582,-2.74969,1.75611,,,,,,,,,,,,,,,,,,,,,,,,,,,,,,,,,,,,,,,,,,,,,,,,,,,High,,,,High,,,High
176,2023-01-17,17:38:19.83,3,1,"Munoz, Luimi",,Right,WOR_PR1,"Lara, Jorge",,Left,WOR_PR1,Undefined,9,Top,1,0,0,Curveball,Curveball,StrikeCalled,Undefined,Undefined,Undefined,0,0,,72.76245,2.746242,0.722245,2660.439718,16.042433,6:30,5.82914,0.40563,6.12782,-73.53756,-19.91714,-6.31343,2.24165,0.54716,65.63531,-10.799458,-0.419644,0.527031,,,,,,,,,,,,3.49193,-10.52776,-0.45777,50,6.00269,-1.10977,-105.53747,2.85308,3.82526,22.76769,-43.70673,WOR_PR1,WOR_PR1,DRRangers2,TeamExclusive,Team,20230117-DRRangers2-Private-1,42ecc5d0-96af-11ed-a773-df94705731b4,71.5184,,,7.12714,,,,,,,e7693d0c-839b-48c7-a917-db66df881d6b,2023-01-17,21:38:19.83,2023-01-17T17:38:19.8313640-04:00,2023-01-17T21:38:19.8313640Z,,v3,,,,", ccc",,Undefined,WOR_PR1,54.37363,-106.47682,11.38385,5.84778,4.65633,-21.85337,-0.40873,-1.26759,1.91263,,,,,,,,,,,,,,,,,,,,,,,,,,,,,,,,,,,,,,,,,,,,,,,,,,,High,,,,High,,,High
177,2023-01-17,17:38:39.39,3,2,"Munoz, Luimi",,Right,WOR_PR1,"Lara, Jorge",,Left,WOR_PR1,Undefined,9,Top,1,0,1,Fastball,Four-Seam,StrikeSwinging,Undefined,Undefined,Undefined,0,0,,91.21689,-1.772995,-1.328409,2395.577295,190.152644,12:15,6.03181,0.54584,6.48876,-9.23922,24.10273,4.09646,3.63322,-0.33255,81.9818,-3.661469,-0.585259,0.415592,,,,,,,,,,,,-2.5491,13.45981,-0.45417,50,5.90246,2.89631,-132.32418,-4.20582,-4.44455,32.61394,-8.70596,WOR_PR1,WOR_PR1,DRRangers2,TeamExclusive,Team,20230117-DRRangers2-Private-1,4e8a40c0-96af-11ed-a773-df94705731b4,90.69583,,,9.23509,,,,,,,e7693d0c-839b-48c7-a917-db66df881d6b,2023-01-17,21:38:39.39,2023-01-17T17:38:39.3949352-04:00,2023-01-17T21:38:39.3949352Z,,v3,,,,", ccc",,Undefined,WOR_PR1,54.00452,-133.30752,16.30697,6.02532,-3.94333,-4.35298,-0.54352,3.03032,-2.22227,,,,,,,,,,,,,,,,,,,,,,,,,,,,,,,,,,,,,,,,,,,,,,,,,,,High,,,,High,,,High
178,2023-01-17,17:39:00.41,3,3,"Munoz, Luimi",,Right,WOR_PR1,"Lara, Jorge",,Left,WOR_PR1,Undefined,9,Top,1,0,2,ChangeUp,Four-Seam,BallCalled,Undefined,Undefined,Undefined,0,0,,89.46328,-1.450292,0.983755,2272.720354,196.751263,12:30,6.08038,0.61607,6.528,-11.36973,23.23655,6.61284,3.80198,2.06969,80.45369,-3.732109,2.184243,0.423398,,,,,,,,,,,,-3.10382,12.95666,-0.68674,50,5.97398,-2.4987,-129.82461,-3.47101,-5.2057,31.56232,-10.44338,WOR_PR1,WOR_PR1,DRRangers2,TeamExclusive,Team,20230117-DRRangers2-Private-1,5b21fa30-96af-11ed-a773-df94705731b4,89.02365,,,9.00959,,,,,,,e7693d0c-839b-48c7-a917-db66df881d6b,2023-01-17,21:39:00.41,2023-01-17T17:39:00.4144296-04:00,2023-01-17T21:39:00.4144296Z,,v3,,,,", ccc",,Undefined,WOR_PR1,53.96555,-130.78514,15.78116,6.07478,-3.15319,-5.22169,-0.6131,-2.34028,-2.60285,,,,,,,,,,,,,,,,,,,,,,,,,,,,,,,,,,,,,,,,,,,,,,,,,,,High,,,,High,,,High
179,2023-01-17,17:39:24.63,3,4,"Munoz, Luimi",,Right,WOR_PR1,"Lara, Jorge",,Left,WOR_PR1,Undefined,9,Top,1,1,2,Curveball,Curveball,BallCalled,Undefined,Undefined,Undefined,0,0,,71.93338,2.686369,2.344326,2698.247636,17.458813,6:30,5.97099,0.40187,6.20532,-74.29543,-19.50997,-6.7926,2.26312,2.00084,64.89262,-11.012173,1.115443,0.532726,,,,,,,,,,,,4.32536,-10.24847,-0.57487,50,6.13795,-4.03419,-104.27269,2.70837,4.62454,22.25243,-43.13138,WOR_PR1,WOR_PR1,DRRangers2,TeamExclusive,Team,20230117-DRRangers2-Private-1,69ad9460-96af-11ed-a773-df94705731b4,70.75386,,,7.04076,,,,,,,e7693d0c-839b-48c7-a917-db66df881d6b,2023-01-17,21:39:24.63,2023-01-17T17:39:24.6332072-04:00,2023-01-17T21:39:24.6332072Z,,v3,,,,", ccc",,Undefined,WOR_PR1,54.29592,-105.18547,11.12622,5.99057,4.47759,-21.56569,-0.4055,-4.22389,2.31227,,,,,,,,,,,,,,,,,,,,,,,,,,,,,,,,,,,,,,,,,,,,,,,,,,,High,,,,High,,,High
180,2023-01-17,17:39:48.88,3,5,"Munoz, Luimi",,Right,WOR_PR1,"Lara, Jorge",,Left,WOR_PR1,Undefined,9,Top,1,2,2,Fastball,Four-Seam,FoulBall,Undefined,Undefined,Undefined,0,0,,91.01196,-0.323889,0.276677,2278.880844,190.625917,12:15,6.15213,0.63458,6.66325,-10.14571,23.1384,4.11197,5.01029,1.23041,81.62309,-2.390574,1.025399,0.415231,,,,,,,,,,,,-2.04725,12.57316,-0.65444,50,6.12533,-0.80628,-132.13965,-0.87956,-3.55118,33.13203,-10.36465,WOR_PR1,WOR_PR1,DRRangers2,TeamExclusive,Team,20230117-DRRangers2-Private-1,77fc4ca0-96af-11ed-a773-df94705731b4,90.77464,,,9.38887,,,,,,,e7693d0c-839b-48c7-a917-db66df881d6b,2023-01-17,21:39:48.88,2023-01-17T17:39:48.8828072-04:00,2023-01-17T21:39:48.8828072Z,,v3,,,,", ccc",,Undefined,WOR_PR1,53.82993,-133.09648,16.56602,6.14641,-0.58024,-5.18233,-0.63263,-0.70372,-1.77559,,,,,,,,,,,,,,,,,,,,,,,,,,,,,,,,,,,,,,,,,,,,,,,,,,,High,,,,High,,,High
181,2023-01-17,17:40:17.24,3,6,"Munoz, Luimi",,Right,WOR_PR1,"Lara, Jorge",,Left,WOR_PR1,Undefined,9,Top,1,2,2,ChangeUp,Changeup,InPlay,Undefined,GroundBall,Out,1,0,,87.02482,-2.968842,-0.492316,1718.245413,213.008545,1:00,5.96419,0.61089,6.42588,-16.15599,20.11222,12.29142,1.8865,1.18265,79.52623,-6.076565,1.736664,0.433446,50.37742,-41.869088,57.864284,,,,,3.68303,2.84017,10.548996,0.0401,-6.61473,11.75926,-0.5813,50,5.74512,0.62648,-126.38064,-6.95166,-10.65829,26.65493,-13.22644,WOR_PR1,WOR_PR1,DRRangers2,TeamExclusive,Team,20230117-DRRangers2-Private-1,88ecfff0-96af-11ed-a773-df94705731b4,86.96004,1.98874,,7.4986,,,,2.44049,1.98874,-1.20466,e7693d0c-839b-48c7-a917-db66df881d6b,2023-01-17,21:40:17.24,2023-01-17T17:40:17.2458664-04:00,2023-01-17T21:40:17.2458664Z,GroundBall,v3,,,,", ccc",,Undefined,WOR_PR1,54.073,-127.23678,13.32747,5.96158,-6.52684,-6.61322,-0.60692,0.96882,-5.32914,,2.43942,29.43363,,,,,,,,1.99055,-49.59451,,,,,,,,-1.20637,46.85632,,,,,,,,,,,,,,,,,,,,,,,,,,,,,,High,Low,Low,,High,,,High
182,2023-01-17,17:42:58.16,1,1,"Perdomo, Junior",,Right,WOR_PR1,"Castro, Rayniel",,Left,WOR_PR1,Undefined,10,Top,0,0,0,Fastball,Changeup,FoulBall,Undefined,Undefined,Undefined,0,0,,85.78335,0.178047,-2.470428,2223.45237,238.911559,2:00,5.62648,0.92402,5.56241,-25.40682,13.12076,19.69509,3.67573,0.25592,78.1775,-4.560908,1.040334,0.446742,,,,,,,,,,,,-10.67583,6.95276,-0.72414,50,5.62532,4.53791,-124.4757,-0.4525,-16.71266,25.503,-21.28974,WOR_PR1,WOR_PR1,DRRangers2,TeamExclusive,Team,20230117-DRRangers2-Private-1,e8e1f8c0-96af-11ed-a773-df94705731b4,84.37174,,,7.60584,,,,,,,e7693d0c-839b-48c7-a917-db66df881d6b,2023-01-17,21:42:58.16,2023-01-17T17:42:58.1687464-04:00,2023-01-17T21:42:58.1687464Z,,v3,,,,", ccc",,Undefined,WOR_PR1,54.93621,-125.48297,12.7515,5.62659,0.38836,-10.64487,-0.91641,5.198,-8.35633,,,,,,,,,,,,,,,,,,,,,,,,,,,,,,,,,,,,,,,,,,,,,,,,,,,High,,,,High,,,High
183,2023-01-17,17:43:21.62,1,2,"Perdomo, Junior",,Right,WOR_PR1,"Castro, Rayniel",,Left,WOR_PR1,Undefined,10,Top,0,0,1,Fastball,Changeup,BallCalled,Undefined,Undefined,Undefined,0,0,,82.15282,3.136767,-0.122198,2122.958573,222.18737,1:30,5.58321,0.85309,4.96398,-26.5771,16.45965,13.69883,6.33462,1.87923,74.65171,-1.791352,2.291625,0.472162,,,,,,,,,,,,-6.68532,7.63981,-0.85253,50,5.86574,-0.36839,-118.94159,5.62163,-9.57675,22.8175,-21.22994,WOR_PR1,WOR_PR1,DRRangers2,TeamExclusive,Team,20230117-DRRangers2-Private-1,f6c98ac0-96af-11ed-a773-df94705731b4,79.82943,,,7.50111,,,,,,,e7693d0c-839b-48c7-a917-db66df881d6b,2023-01-17,21:43:21.62,2023-01-17T17:43:21.6274088-04:00,2023-01-17T21:43:21.6274088Z,,v3,,,,", ccc",,Undefined,WOR_PR1,55.52925,-119.99763,11.40875,5.58282,6.60419,-10.61497,-0.84574,0.07484,-4.78838,,,,,,,,,,,,,,,,,,,,,,,,,,,,,,,,,,,,,,,,,,,,,,,,,,,High,,,,High,,,High
184,2023-01-17,17:43:41.83,1,3,"Perdomo, Junior",,Right,WOR_PR1,"Castro, Rayniel",,Left,WOR_PR1,Undefined,10,Top,0,1,1,Fastball,Changeup,BallCalled,Undefined,Undefined,Undefined,0,0,,83.59386,1.084779,-1.758464,2040.783315,221.593354,1:30,5.4886,0.83681,5.65704,-23.57923,16.91662,13.84454,4.53589,0.35011,75.95413,-3.357612,0.713632,0.458012,,,,,,,,,,,,-7.45914,8.64308,-0.69654,50,5.56569,3.14082,-121.2652,1.58476,-11.06931,24.46714,-19.34778,WOR_PR1,WOR_PR1,DRRangers2,TeamExclusive,Team,20230117-DRRangers2-Private-1,02dc0ea0-96b0-11ed-a773-df94705731b4,82.29579,,,7.63973,,,,,,,e7693d0c-839b-48c7-a917-db66df881d6b,2023-01-17,21:43:41.83,2023-01-17T17:43:41.8390696-04:00,2023-01-17T21:43:41.8390696Z,,v3,,,,", ccc",,Undefined,WOR_PR1,54.83818,-122.23748,12.23357,5.48743,2.35361,-9.67389,-0.83009,3.58069,-5.53466,,,,,,,,,,,,,,,,,,,,,,,,,,,,,,,,,,,,,,,,,,,,,,,,,,,High,,,,High,,,High
185,2023-01-17,17:43:56.85,1,4,"Perdomo, Junior",,Right,WOR_PR1,"Castro, Rayniel",,Left,WOR_PR1,Undefined,10,Top,0,2,1,Fastball,Changeup,BallCalled,Undefined,Undefined,Undefined,0,0,,82.15185,1.588796,-1.450925,2196.455798,209.379494,1:00,5.3189,0.95689,5.36477,-21.2519,21.16182,11.13973,5.03854,0.52442,74.55882,-2.430567,0.527272,0.468732,,,,,,,,,,,,-5.93599,10.52505,-0.83454,50,5.44682,2.53747,-119.0869,2.68321,-8.49971,23.48538,-17.10326,WOR_PR1,WOR_PR1,DRRangers2,TeamExclusive,Team,20230117-DRRangers2-Private-1,0bc82530-96b0-11ed-a773-df94705731b4,80.41365,,,7.59303,,,,,,,e7693d0c-839b-48c7-a917-db66df881d6b,2023-01-17,21:43:56.85,2023-01-17T17:43:56.8597672-04:00,2023-01-17T21:43:56.8597672Z,,v3,,,,", ccc",,Undefined,WOR_PR1,55.12912,-120.09416,11.74269,5.31601,3.41675,-8.55163,-0.95119,2.90202,-4.24986,,,,,,,,,,,,,,,,,,,,,,,,,,,,,,,,,,,,,,,,,,,,,,,,,,,High,,,,High,,,High
186,2023-01-17,17:44:19.52,1,5,"Perdomo, Junior",,Right,WOR_PR1,"Castro, Rayniel",,Left,WOR_PR1,Undefined,10,Top,0,3,1,Fastball,Changeup,FoulBall,Undefined,Undefined,Undefined,0,0,,83.06816,0.506894,-1.935021,2154.722716,222.138567,1:30,5.48045,0.91384,5.64297,-23.16001,17.71875,14.86076,4.02357,0.34653,75.78984,-3.850431,0.71793,0.460172,81.85675,26.545415,-33.972946,3770.882594,85.61647,43.72368,-69.06341,288.91822,274.64866,-45.809486,3.760725,-8.10823,9.23965,-0.75937,50,5.50897,3.47647,-120.5891,0.36814,-11.93269,23.5724,-18.57633,WOR_PR1,WOR_PR1,DRRangers2,TeamExclusive,Team,20230117-DRRangers2-Private-1,19693850-96b0-11ed-a773-df94705731b4,81.90945,47.96176,,7.27832,,,,1.01622,4.04819,-0.37052,e7693d0c-839b-48c7-a917-db66df881d6b,2023-01-17,21:44:19.52,2023-01-17T17:44:19.5268776-04:00,2023-01-17T21:44:19.5268776Z,LineDrive,v3,,,,", ccc",,Undefined,WOR_PR1,54.85522,-121.53448,11.7862,5.47927,1.11314,-9.28817,-0.90839,3.95504,-5.96634,126.921578,1.01705,89.04414,-18.47495,4.41333,-0.85389,0.12132,-0.02575,0.00655,-0.00063,4.04784,53.66173,-18.14466,1.14923,-0.01922,-0.07337,0.04073,-0.00864,0.00063,-0.37091,-60.0045,0.26272,1.22395,-0.59305,0.1905,-0.04108,0.00452,-0.00016,,,,,,,,,,,,,,,,,,,,,,,High,High,Low,,High,,,High
187,2023-01-17,17:44:45.77,1,6,"Perdomo, Junior",,Right,WOR_PR1,"Castro, Rayniel",,Left,WOR_PR1,Undefined,10,Top,0,3,2,Curveball,Curveball,BallCalled,Walk,Undefined,Undefined,0,0,,68.45655,3.179134,3.791431,2387.911549,58.035217,8:00,5.58152,0.69136,4.97706,-70.8809,-7.74437,-16.16241,2.68695,2.93049,61.86459,-9.648499,0.944742,0.571889,,,,,,,,,,,,9.12241,-4.01583,-1.04416,50,5.83204,-5.93858,-98.8414,3.21682,8.86268,18.39086,-36.07553,WOR_PR1,WOR_PR1,DRRangers2,TeamExclusive,Team,20230117-DRRangers2-Private-1,29009d30-96b0-11ed-a773-df94705731b4,65.90865,,,6.59196,,,,,,,e7693d0c-839b-48c7-a917-db66df881d6b,2023-01-17,21:44:45.77,2023-01-17T17:44:45.7731240-04:00,2023-01-17T21:44:45.7731240Z,,v3,,,,", ccc",,Undefined,WOR_PR1,55.52126,-99.86342,9.19543,5.59757,5.22163,-18.03777,-0.70045,-6.4311,4.43134,,,,,,,,,,,,,,,,,,,,,,,,,,,,,,,,,,,,,,,,,,,,,,,,,,,High,,,,High,,,High
188,2023-01-17,17:45:12.93,2,1,"Perdomo, Junior",,Right,WOR_PR1,"Almanzar, Yariel",,Right,WOR_PR1,Undefined,10,Top,0,0,0,Fastball,Changeup,BallCalled,Undefined,Undefined,Undefined,0,0,,80.56654,2.40907,-1.341423,2157.338459,215.850582,1:15,5.48064,0.78709,5.51465,-29.54395,14.43867,9.38386,5.2732,0.31454,72.98008,-3.110982,0.329217,0.477323,,,,,,,,,,,,-5.05508,7.0037,-0.67633,50,5.67125,2.34088,-116.72979,3.98981,-6.93921,23.01957,-22.5599,WOR_PR1,WOR_PR1,DRRangers2,TeamExclusive,Team,20230117-DRRangers2-Private-1,39206bf0-96b0-11ed-a773-df94705731b4,78.9664,,,7.58646,,,,,,,e7693d0c-839b-48c7-a917-db66df881d6b,2023-01-17,21:45:12.93,2023-01-17T17:45:12.9310376-04:00,2023-01-17T21:45:12.9310376Z,,v3,,,,", ccc",,Undefined,WOR_PR1,54.97856,-117.70749,11.50978,5.48144,4.94799,-11.27995,-0.78201,2.63561,-3.46961,,,,,,,,,,,,,,,,,,,,,,,,,,,,,,,,,,,,,,,,,,,,,,,,,,,High,,,,High,,,High
189,2023-01-17,17:45:32.03,2,2,"Perdomo, Junior",,Right,WOR_PR1,"Almanzar, Yariel",,Right,WOR_PR1,Undefined,10,Top,0,1,0,ChangeUp,Changeup,BallCalled,Undefined,Undefined,Undefined,0,0,,78.62404,0.889148,-3.29103,2072.776194,224.782799,1:30,5.26678,0.94057,5.4698,-32.11671,13.88611,12.33469,3.42392,-1.11479,71.83402,-5.064408,-1.099744,0.488162,,,,,,,,,,,,-7.15642,7.18008,-0.65983,50,5.32333,6.076,-113.97902,0.76926,-9.41911,20.84726,-22.72377,WOR_PR1,WOR_PR1,DRRangers2,TeamExclusive,Team,20230117-DRRangers2-Private-1,44aa10c0-96b0-11ed-a773-df94705731b4,77.21305,,,6.79001,,,,,,,e7693d0c-839b-48c7-a917-db66df881d6b,2023-01-17,21:45:32.03,2023-01-17T17:45:32.0396456-04:00,2023-01-17T21:45:32.0396456Z,,v3,,,,", ccc",,Undefined,WOR_PR1,55.02828,-114.89503,10.42363,5.2676,1.76772,-11.36189,-0.9359,6.48987,-4.70955,,,,,,,,,,,,,,,,,,,,,,,,,,,,,,,,,,,,,,,,,,,,,,,,,,,High,,,,High,,,High
190,2023-01-17,17:47:59.90,1,1,"Munoz, Luimi",,Right,WOR_PR1,"Almanzar, Yariel",,Right,WOR_PR1,Undefined,11,Top,0,0,0,Fastball,Four-Seam,StrikeSwinging,Undefined,Undefined,Undefined,0,0,,91.62446,-1.171984,-1.290619,2207.623795,209.576526,1:00,6.16359,0.35107,6.52276,-13.61209,19.25218,10.26556,3.95358,0.02224,82.67609,-3.84483,0.573565,0.412604,,,,,,,,,,,,-5.71878,10.74749,-0.26496,50,6.07559,2.56732,-133.01703,-3.01986,-10.11285,31.99569,-13.16874,WOR_PR1,WOR_PR1,DRRangers2,TeamExclusive,Team,20230117-DRRangers2-Private-1,9cba77f0-96b0-11ed-a773-df94705731b4,91.35261,,,8.94837,,,,,,,e7693d0c-839b-48c7-a917-db66df881d6b,2023-01-17,21:47:59.90,2023-01-17T17:47:59.9031976-04:00,2023-01-17T21:47:59.9031976Z,,v3,,,,", ccc",,Undefined,WOR_PR1,53.97141,-133.9689,15.99785,6.1596,-2.62809,-6.58437,-0.34581,2.86818,-5.05642,,,,,,,,,,,,,,,,,,,,,,,,,,,,,,,,,,,,,,,,,,,,,,,,,,,High,,,,High,,,High
191,2023-01-17,17:48:17.77,1,2,"Munoz, Luimi",,Right,WOR_PR1,"Almanzar, Yariel",,Right,WOR_PR1,Undefined,11,Top,0,0,1,Fastball,Four-Seam,BallCalled,Undefined,Undefined,Undefined,0,0,,90.67637,-3.071403,-0.259297,2264.589029,204.704032,12:45,6.02421,0.48414,6.67754,-14.02489,19.44788,8.38701,2.04316,0.94586,81.87898,-5.817779,1.268916,0.416406,,,,,,,,,,,,-4.45922,11.55705,-0.46948,50,5.81256,0.25832,-131.53083,-7.35485,-7.69492,31.7953,-12.23099,WOR_PR1,WOR_PR1,DRRangers2,TeamExclusive,Team,20230117-DRRangers2-Private-1,a7480980-96b0-11ed-a773-df94705731b4,90.51843,,,8.79739,,,,,,,e7693d0c-839b-48c7-a917-db66df881d6b,2023-01-17,21:48:17.77,2023-01-17T17:48:17.7703080-04:00,2023-01-17T21:48:17.7703080Z,,v3,,,,", ccc",,Undefined,WOR_PR1,53.81678,-132.45025,15.89765,6.02012,-7.00116,-6.1155,-0.48017,0.48083,-3.84746,,,,,,,,,,,,,,,,,,,,,,,,,,,,,,,,,,,,,,,,,,,,,,,,,,,High,,,,High,,,High
192,2023-01-17,17:48:38.25,1,3,"Munoz, Luimi",,Right,WOR_PR1,"Almanzar, Yariel",,Right,WOR_PR1,Undefined,11,Top,0,1,1,Curveball,Curveball,StrikeCalled,Undefined,Undefined,Undefined,0,0,,73.63753,2.332214,0.54521,2556.119228,23.261366,6:45,5.9327,0.26517,6.2069,-69.93027,-17.7458,-8.48123,2.25904,0.06162,66.39985,-10.576897,-0.990972,0.519927,,,,,,,,,,,,4.53654,-9.25315,-0.30226,50,6.07491,-0.71701,-106.83324,2.24717,5.09155,23.35526,-42.55931,WOR_PR1,WOR_PR1,DRRangers2,TeamExclusive,Team,20230117-DRRangers2-Private-1,b3a0be20-96b0-11ed-a773-df94705731b4,72.49569,,,7.23768,,,,,,,e7693d0c-839b-48c7-a917-db66df881d6b,2023-01-17,21:48:38.25,2023-01-17T17:48:38.2574248-04:00,2023-01-17T21:48:38.2574248Z,,v3,,,,", ccc",,Undefined,WOR_PR1,54.29334,-107.76773,11.67763,5.95093,3.95006,-21.27966,-0.26949,-0.92074,2.54578,,,,,,,,,,,,,,,,,,,,,,,,,,,,,,,,,,,,,,,,,,,,,,,,,,,High,,,,High,,,High
193,2023-01-17,17:48:59.39,1,4,"Munoz, Luimi",,Right,WOR_PR1,"Almanzar, Yariel",,Right,WOR_PR1,Undefined,11,Top,0,1,2,Fastball,Four-Seam,FoulBall,Undefined,Undefined,Undefined,0,0,,91.13701,-2.099128,-1.038673,2248.01558,204.248771,12:45,6.08657,0.2261,6.73462,-13.16737,19.74659,8.37374,3.07002,-0.02529,82.44703,-4.693027,0.488336,0.412916,,,,,,,,,,,,-4.75138,11.43611,-0.16057,50,5.94275,2.07606,-132.3662,-5.12772,-8.32497,31.53074,-12.13661,WOR_PR1,WOR_PR1,DRRangers2,TeamExclusive,Team,20230117-DRRangers2-Private-1,c02a1fb0-96b0-11ed-a773-df94705731b4,91.28363,,,8.68998,,,,,,,e7693d0c-839b-48c7-a917-db66df881d6b,2023-01-17,21:48:59.39,2023-01-17T17:48:59.3956008-04:00,2023-01-17T21:48:59.3956008Z,,v3,,,,", ccc",,Undefined,WOR_PR1,53.7621,-133.25935,15.76537,6.08313,-4.78394,-6.06831,-0.22272,2.31188,-4.16249,,,,,,,,,,,,,,,,,,,,,,,,,,,,,,,,,,,,,,,,,,,,,,,,,,,High,,,,High,,,High
194,2023-01-17,17:49:21.59,1,5,"Munoz, Luimi",,Right,WOR_PR1,"Almanzar, Yariel",,Right,WOR_PR1,Undefined,11,Top,0,1,2,Curveball,Curveball,BallCalled,Undefined,Undefined,Undefined,0,0,,72.71455,1.961351,2.437377,2548.887687,14.835841,6:30,5.87512,0.40371,6.8801,-70.32027,-17.63843,-5.2417,1.80464,2.18923,65.11641,-11.193703,1.476268,0.522398,,,,,,,,,,,,3.70335,-9.25323,-0.55677,50,5.97845,-4.31983,-105.47292,1.73488,4.00893,24.45197,-42.19079,WOR_PR1,WOR_PR1,DRRangers2,TeamExclusive,Team,20230117-DRRangers2-Private-1,cd6915a0-96b0-11ed-a773-df94705731b4,72.15267,,,7.59814,,,,,,,e7693d0c-839b-48c7-a917-db66df881d6b,2023-01-17,21:49:21.59,2023-01-17T17:49:21.5941288-04:00,2023-01-17T21:49:21.5941288Z,,v3,,,,", ccc",,Undefined,WOR_PR1,53.61845,-106.30848,12.22598,5.89453,3.1766,-21.0954,-0.40681,-4.45682,2.00447,,,,,,,,,,,,,,,,,,,,,,,,,,,,,,,,,,,,,,,,,,,,,,,,,,,High,,,,High,,,High
195,2023-01-17,17:49:40.60,1,6,"Munoz, Luimi",,Right,WOR_PR1,"Almanzar, Yariel",,Right,WOR_PR1,Undefined,11,Top,0,2,2,Fastball,Four-Seam,BallCalled,Undefined,Undefined,Undefined,0,0,,91.89386,-4.979422,-1.179829,2434.415609,183.9737,12:15,6.05759,0.26694,6.75287,-10.96221,22.05446,1.4391,0.58321,-0.69099,82.11717,-7.180848,-0.917378,0.413559,,,,,,,,,,,,-1.16866,13.73139,-0.19006,50,5.72537,2.67645,-132.8263,-11.73652,-2.03343,35.36133,-8.28218,WOR_PR1,WOR_PR1,DRRangers2,TeamExclusive,Team,20230117-DRRangers2-Private-1,d8b4a000-96b0-11ed-a773-df94705731b4,91.14153,,,9.77669,,,,,,,e7693d0c-839b-48c7-a917-db66df881d6b,2023-01-17,21:49:40.60,2023-01-17T17:49:40.6097064-04:00,2023-01-17T21:49:40.6097064Z,,v3,,,,", ccc",,Undefined,WOR_PR1,53.7392,-133.81806,17.68066,6.05128,-11.50424,-4.14109,-0.26593,2.73348,-1.01672,,,,,,,,,,,,,,,,,,,,,,,,,,,,,,,,,,,,,,,,,,,,,,,,,,,High,,,,High,,,High
196,2023-01-17,17:50:08.83,1,7,"Munoz, Luimi",,Right,WOR_PR1,"Almanzar, Yariel",,Right,WOR_PR1,Undefined,11,Top,0,3,2,Fastball,Four-Seam,StrikeSwinging,Strikeout,Undefined,Undefined,0,0,,91.56664,-4.294418,-1.558203,2434.771136,193.52739,12:30,5.98612,0.27287,6.53974,-12.92686,20.44958,4.60355,0.96135,-0.77298,82.05274,-6.84273,-0.72205,0.415807,,,,,,,,,,,,-2.91843,12.51953,-0.16657,50,5.68204,3.4095,-132.44474,-10.20783,-5.06618,34.27657,-10.44109,WOR_PR1,WOR_PR1,DRRangers2,TeamExclusive,Team,20230117-DRRangers2-Private-1,e98f3340-96b0-11ed-a773-df94705731b4,90.64897,,,9.51391,,,,,,,e7693d0c-839b-48c7-a917-db66df881d6b,2023-01-17,21:50:08.83,2023-01-17T17:50:08.8391336-04:00,2023-01-17T21:50:08.8391336Z,,v3,,,,", ccc",,Undefined,WOR_PR1,53.95268,-133.46376,17.13828,5.98091,-9.89742,-5.22054,-0.27018,3.56012,-2.53309,,,,,,,,,,,,,,,,,,,,,,,,,,,,,,,,,,,,,,,,,,,,,,,,,,,High,,,,High,,,High
197,2023-01-17,17:50:33.25,2,1,"Munoz, Luimi",,Right,WOR_PR1,"Valdez, Moises",,Left,WOR_PR1,Undefined,11,Top,1,0,0,ChangeUp,Changeup,BallCalled,Undefined,Undefined,Undefined,0,0,,88.63986,-4.204545,-2.31734,1797.775857,209.196765,1:00,6.04891,0.40696,6.83008,-12.89142,22.12407,11.6256,1.12964,-0.73904,79.89108,-6.761979,-0.19518,0.425894,,,,,,,,,,,,-6.83367,13.41646,-0.26127,50,5.77267,4.74061,-128.32616,-9.65808,-11.20663,30.6553,-10.17212,WOR_PR1,WOR_PR1,DRRangers2,TeamExclusive,Team,20230117-DRRangers2-Private-1,f81b1b90-96b0-11ed-a773-df94705731b4,88.50192,,,8.74879,,,,,,,e7693d0c-839b-48c7-a917-db66df881d6b,2023-01-17,21:50:33.25,2023-01-17T17:50:33.2549800-04:00,2023-01-17T21:50:33.2549800Z,,v3,,,,", ccc",,Undefined,WOR_PR1,53.66377,-129.19842,15.32765,6.04336,-9.36865,-5.08606,-0.40069,5.05948,-5.60332,,,,,,,,,,,,,,,,,,,,,,,,,,,,,,,,,,,,,,,,,,,,,,,,,,,High,,,,High,,,High
198,2023-01-17,17:50:52.74,2,2,"Munoz, Luimi",,Right,WOR_PR1,"Valdez, Moises",,Left,WOR_PR1,Undefined,11,Top,1,1,0,Fastball,Four-Seam,StrikeSwinging,Undefined,Undefined,Undefined,0,0,,90.62863,-2.355723,0.050557,2389.894928,204.344975,12:45,6.15662,0.51231,6.66789,-14.5541,19.22828,8.10638,2.78725,1.2341,81.09453,-5.222271,1.527233,0.418327,,,,,,,,,,,,-4.1963,11.27544,-0.51821,50,5.99228,-0.4479,-131.41454,-5.71144,-7.16135,34.10724,-12.93163,WOR_PR1,WOR_PR1,DRRangers2,TeamExclusive,Team,20230117-DRRangers2-Private-1,03aa65b0-96b1-11ed-a773-df94705731b4,90.10271,,,9.5341,,,,,,,e7693d0c-839b-48c7-a917-db66df881d6b,2023-01-17,21:50:52.74,2023-01-17T17:50:52.7419048-04:00,2023-01-17T21:50:52.7419048Z,,v3,,,,", ccc",,Undefined,WOR_PR1,53.82451,-132.40343,17.05362,6.15244,-5.33651,-6.46581,-0.50823,-0.24027,-3.58067,,,,,,,,,,,,,,,,,,,,,,,,,,,,,,,,,,,,,,,,,,,,,,,,,,,High,,,,High,,,High
199,2023-01-17,17:51:10.69,2,3,"Munoz, Luimi",,Right,WOR_PR1,"Valdez, Moises",,Left,WOR_PR1,Undefined,11,Top,1,1,1,Fastball,Four-Seam,BallCalled,Undefined,Undefined,Undefined,0,0,,91.59987,-4.348625,-0.784963,2428.404366,192.901624,12:30,6.13747,0.49018,6.44863,-13.65635,19.87111,4.24473,0.99607,0.12268,81.9491,-7.026681,-0.014891,0.416746,,,,,,,,,,,,-2.48461,12.28178,-0.4363,50,5.82256,1.63908,-132.49743,-10.37908,-4.30418,35.04131,-10.89803,WOR_PR1,WOR_PR1,DRRangers2,TeamExclusive,Team,20230117-DRRangers2-Private-1,0e6d5f20-96b1-11ed-a773-df94705731b4,90.44456,,,9.65077,,,,,,,e7693d0c-839b-48c7-a917-db66df881d6b,2023-01-17,21:51:10.69,2023-01-17T17:51:10.6926248-04:00,2023-01-17T21:51:10.6926248Z,,v3,,,,", ccc",,Undefined,WOR_PR1,54.04515,-133.56296,17.52066,6.13312,-10.0477,-5.44902,-0.48813,1.76996,-2.15209,,,,,,,,,,,,,,,,,,,,,,,,,,,,,,,,,,,,,,,,,,,,,,,,,,,High,,,,High,,,High
200,2023-01-17,17:51:32.25,2,4,"Munoz, Luimi",,Right,WOR_PR1,"Valdez, Moises",,Left,WOR_PR1,Undefined,11,Top,1,2,1,Fastball,Four-Seam,FoulBall,Undefined,Undefined,Undefined,0,0,,90.14012,-1.451331,-0.415536,2367.94139,205.132278,12:45,6.05491,0.51879,6.5697,-14.13083,20.20403,8.84264,3.54668,0.87477,80.36366,-4.252836,1.192079,0.421734,69.34882,40.790808,-164.596286,3562.565945,,,,,21.70569,,,-4.78937,11.50839,-0.49361,50,5.94898,0.59577,-130.75648,-3.61204,-8.06118,34.71183,-12.80382,WOR_PR1,WOR_PR1,DRRangers2,TeamExclusive,Team,20230117-DRRangers2-Private-1,1b633e20-96b1-11ed-a773-df94705731b4,89.37486,20.79946,,9.77645,,,,1.13993,3.60876,-0.88761,e7693d0c-839b-48c7-a917-db66df881d6b,2023-01-17,21:51:32.25,2023-01-17T17:51:32.2576552-04:00,2023-01-17T21:51:32.2576552Z,,v3,,,,", ccc",,Undefined,WOR_PR1,53.92486,-131.79429,17.35592,6.05125,-3.22924,-6.40191,-0.51502,0.83678,-4.03059,4.446487,1.14076,-74.27735,3.506,,,,,,,3.61351,66.23507,-28.23235,,,,,,,-0.88771,-20.44983,1.70662,,,,,,,,,,,,,,,,,,,,,,,,,,,,,High,High,Low,,High,,,High
201,2023-01-17,17:52:00.93,2,5,"Munoz, Luimi",,Right,WOR_PR1,"Valdez, Moises",,Left,WOR_PR1,Undefined,11,Top,1,2,2,Curveball,Curveball,BallCalled,Undefined,Undefined,Undefined,0,0,,71.89166,5.676357,0.575279,2584.437469,0.085522,6:00,5.87347,0.1347,5.90859,-72.91098,-17.42237,-0.02909,5.0838,0.66625,64.44168,-7.733097,0.570065,0.536134,,,,,,,,,,,,0.21146,-10.06158,-0.18084,50,6.28999,-1.04191,-103.87155,8.09522,0.22598,20.94385,-42.92636,WOR_PR1,WOR_PR1,DRRangers2,TeamExclusive,Team,20230117-DRRangers2-Private-1,2c69ea70-96b1-11ed-a773-df94705731b4,70.30416,,,7.44997,,,,,,,e7693d0c-839b-48c7-a917-db66df881d6b,2023-01-17,21:52:00.93,2023-01-17T17:52:00.9322152-04:00,2023-01-17T21:52:00.9322152Z,,v3,,,,", ccc",,Undefined,WOR_PR1,54.59211,-104.79338,10.47192,5.89211,9.98459,-21.46318,-0.13476,-1.05186,0.11299,,,,,,,,,,,,,,,,,,,,,,,,,,,,,,,,,,,,,,,,,,,,,,,,,,,High,,,,High,,,High
202,2023-01-17,17:52:21.86,2,6,"Munoz, Luimi",,Right,WOR_PR1,"Valdez, Moises",,Left,WOR_PR1,Undefined,11,Top,1,3,2,Fastball,Four-Seam,BallCalled,Walk,Undefined,Undefined,0,0,,90.66808,0.039799,-1.18837,2349.743963,194.971889,12:30,6.08905,0.6514,6.77319,-11.13304,22.28478,5.63087,5.19765,0.0354,81.25604,-2.214202,-0.161157,0.416064,,,,,,,,,,,,-3.28768,11.96591,-0.57519,50,6.08567,2.49136,-131.58172,-0.04756,-5.65944,32.64199,-11.57583,WOR_PR1,WOR_PR1,DRRangers2,TeamExclusive,Team,20230117-DRRangers2-Private-1,38bfdff0-96b1-11ed-a773-df94705731b4,90.5928,,,9.41205,,,,,,,e7693d0c-839b-48c7-a917-db66df881d6b,2023-01-17,21:52:21.86,2023-01-17T17:52:21.8675368-04:00,2023-01-17T21:52:21.8675368Z,,v3,,,,", ccc",,Undefined,WOR_PR1,53.71645,-132.50047,16.321,6.08242,0.27825,-5.78791,-0.64755,2.65065,-2.82972,,,,,,,,,,,,,,,,,,,,,,,,,,,,,,,,,,,,,,,,,,,,,,,,,,,High,,,,High,,,High